City,State,Variable,Max_ACF,Lag
Atlanta,Georgia,mean_Analytic,0.416282845699373,-40
Atlanta,Georgia,mean_Analytic,0.263228959900282,40
Atlanta,Georgia,mean_Tone,0.312401085326412,-33
Atlanta,Georgia,mean_Tone,0.260011499098807,34
Atlanta,Georgia,mean_pronoun,-0.157144109289385,-7
Atlanta,Georgia,mean_pronoun,-0.193728125240374,1
Atlanta,Georgia,mean_ppron,-0.100278802696477,-4
Atlanta,Georgia,mean_ppron,-0.0986021920081404,34
Atlanta,Georgia,mean_i,0.0665113062557011,-10
Atlanta,Georgia,mean_i,0.0391727830042247,1
Atlanta,Georgia,mean_we,-0.0629929223497065,0
Atlanta,Georgia,mean_we,-0.0467685409221037,11
Atlanta,Georgia,mean_you,-0.264230857515482,-24
Atlanta,Georgia,mean_you,-0.145361103316914,36
Atlanta,Georgia,mean_shehe,-0.188971641982725,-4
Atlanta,Georgia,mean_shehe,-0.0697361900283591,40
Atlanta,Georgia,mean_they,0.30582400943028,-5
Atlanta,Georgia,mean_they,0.286940509725962,8
Atlanta,Georgia,mean_ipron,-0.0734023148403965,-23
Atlanta,Georgia,mean_ipron,-0.19132465053387,1
Atlanta,Georgia,mean_affiliation,-0.0210394211138146,-19
Atlanta,Georgia,mean_affiliation,-0.020544087598643,5
Atlanta,Georgia,mean_allnone,-0.0283895094474988,0
Atlanta,Georgia,mean_allnone,0.0613295985041261,11
Atlanta,Georgia,mean_cogproc,-0.0664256714286813,-7
Atlanta,Georgia,mean_cogproc,-0.0896406559316283,1
Atlanta,Georgia,mean_insight,-0.112747403794779,-8
Atlanta,Georgia,mean_insight,-0.160204290297396,1
Atlanta,Georgia,mean_cause,-0.104548613709662,0
Atlanta,Georgia,mean_cause,-0.109059447645055,1
Atlanta,Georgia,mean_discrep,-0.0284067349630917,-31
Atlanta,Georgia,mean_discrep,-0.135505276784099,40
Atlanta,Georgia,mean_tentat,-0.0545680056827936,-21
Atlanta,Georgia,mean_tentat,-0.0960635915616754,1
Atlanta,Georgia,mean_certitude,0.0905540824494815,-1
Atlanta,Georgia,mean_certitude,0.192620876203529,14
Atlanta,Georgia,mean_differ,0.122309433801096,-9
Atlanta,Georgia,mean_differ,0.08363507699271,5
Atlanta,Georgia,mean_tone_pos,0.262201756150983,-32
Atlanta,Georgia,mean_tone_pos,0.156828527268594,36
Atlanta,Georgia,mean_tone_neg,-0.108262021604758,0
Atlanta,Georgia,mean_tone_neg,-0.0813730377265867,9
Atlanta,Georgia,mean_emotion,0.199982650519873,-30
Atlanta,Georgia,mean_emotion,0.143598747959736,34
Atlanta,Georgia,mean_emo_pos,0.28976245859346,-40
Atlanta,Georgia,mean_emo_pos,0.156064764173388,34
Atlanta,Georgia,mean_emo_neg,-0.0823818541252684,0
Atlanta,Georgia,mean_emo_neg,-0.0232455700951196,40
Atlanta,Georgia,mean_emo_anx,-0.116784998169071,-1
Atlanta,Georgia,mean_emo_anx,-0.123699059173203,1
Atlanta,Georgia,mean_emo_anger,-0.0791473276298207,-26
Atlanta,Georgia,mean_emo_anger,-0.100210422348163,5
Atlanta,Georgia,mean_emo_sad,0.0393994920052382,0
Atlanta,Georgia,mean_emo_sad,0.40683818946316,40
Atlanta,Georgia,mean_Social,-0.166936013585677,-24
Atlanta,Georgia,mean_Social,-0.165156257952185,38
Atlanta,Georgia,mean_socbehav,0.0209156559760385,-38
Atlanta,Georgia,mean_socbehav,-0.137168096044603,38
Atlanta,Georgia,mean_prosocial,0.116344807103414,-28
Atlanta,Georgia,mean_prosocial,0.132389428536323,38
Atlanta,Georgia,mean_polite,0.154061264497909,-40
Atlanta,Georgia,mean_polite,0.091447525312677,38
Atlanta,Georgia,mean_conflict,-0.154192514109374,0
Atlanta,Georgia,mean_conflict,-0.0830005706008238,40
Atlanta,Georgia,mean_moral,0.044760468538006,-11
Atlanta,Georgia,mean_moral,0.0512912652806486,11
Atlanta,Georgia,mean_comm,-0.0417782265162024,-32
Atlanta,Georgia,mean_comm,-0.0309005952865654,39
Atlanta,Georgia,mean_socrefs,-0.169845710013327,0
Atlanta,Georgia,mean_socrefs,-0.13964873164553,7
Atlanta,Georgia,mean_family,0.171605250963364,0
Atlanta,Georgia,mean_family,0.350451165559244,33
Atlanta,Georgia,mean_friend,-0.183981975929568,-3
Atlanta,Georgia,mean_friend,-0.181122440921159,38
Atlanta,Georgia,mean_female,-0.0633493680198452,-4
Atlanta,Georgia,mean_female,0.175974491414458,38
Atlanta,Georgia,mean_male,-0.188584500064486,0
Atlanta,Georgia,mean_male,-0.127650912180541,40
Atlanta,Georgia,mean_health,0.0935338488969423,0
Atlanta,Georgia,mean_health,0.176209861720986,9
Atlanta,Georgia,mean_illness,0.0855295492918422,0
Atlanta,Georgia,mean_illness,0.174672966021229,13
Atlanta,Georgia,mean_wellness,0.0909466654054265,-40
Atlanta,Georgia,mean_wellness,-0.00155847318537166,2
Atlanta,Georgia,mean_mental,0.0874729100071191,-2
Atlanta,Georgia,mean_mental,0.161002047485859,38
Atlanta,Georgia,mean_death,-0.124959604811721,-2
Atlanta,Georgia,mean_death,-0.125827167168017,12
Atlanta,Georgia,mean_need,-0.108433472850087,0
Atlanta,Georgia,mean_need,-0.0880229326316795,13
Atlanta,Georgia,mean_want,0.020451650738044,-32
Atlanta,Georgia,mean_want,0.179148633248837,40
Atlanta,Georgia,mean_lack,0.171206644067519,-6
Atlanta,Georgia,mean_lack,0.15774313728696,1
Atlanta,Georgia,mean_fatigue,0.0808967990469239,-25
Atlanta,Georgia,mean_fatigue,0.111148078943019,9
Atlanta,Georgia,mean_reward,0.112932728494141,-13
Atlanta,Georgia,mean_reward,0.0234534579601961,1
Atlanta,Georgia,mean_risk,0.123645893741773,-3
Atlanta,Georgia,mean_risk,0.118235844228831,3
Austin,Texas,mean_Analytic,0.112695027275076,-40
Austin,Texas,mean_Analytic,0.222361935511777,40
Austin,Texas,mean_Tone,0.0229700469337756,-28
Austin,Texas,mean_Tone,0.205217162033681,40
Austin,Texas,mean_pronoun,-0.0309498645811649,-17
Austin,Texas,mean_pronoun,0.0669996903412695,14
Austin,Texas,mean_ppron,0.00971936878506912,0
Austin,Texas,mean_ppron,0.148606277073571,11
Austin,Texas,mean_i,0.244317311193991,-8
Austin,Texas,mean_i,0.239126859125221,7
Austin,Texas,mean_we,-0.0450233225025153,-13
Austin,Texas,mean_we,-0.104986257492466,11
Austin,Texas,mean_you,-0.0642051075493786,-40
Austin,Texas,mean_you,0.154231500580639,22
Austin,Texas,mean_shehe,-0.0825422973381579,-38
Austin,Texas,mean_shehe,0.00188455938025209,34
Austin,Texas,mean_they,0.142119712627797,0
Austin,Texas,mean_they,0.147946490526119,2
Austin,Texas,mean_ipron,-0.026599127864145,-18
Austin,Texas,mean_ipron,-0.0976815609716703,23
Austin,Texas,mean_affiliation,0.014667036442968,-9
Austin,Texas,mean_affiliation,0.0851915870415831,30
Austin,Texas,mean_allnone,0.0938131348553159,-40
Austin,Texas,mean_allnone,0.157514680683204,17
Austin,Texas,mean_cogproc,0.0251573273186606,-32
Austin,Texas,mean_cogproc,-0.111296770453348,1
Austin,Texas,mean_insight,-0.0664125725818928,-33
Austin,Texas,mean_insight,-0.0470079759072572,17
Austin,Texas,mean_cause,0.0152548460812048,-34
Austin,Texas,mean_cause,-0.114289500139192,1
Austin,Texas,mean_discrep,0.0392275495727543,-21
Austin,Texas,mean_discrep,-0.102642696333331,1
Austin,Texas,mean_tentat,0.0706736609819612,-21
Austin,Texas,mean_tentat,-0.0988964326111542,1
Austin,Texas,mean_certitude,0.0239174956082068,-34
Austin,Texas,mean_certitude,-0.0451966520174974,36
Austin,Texas,mean_differ,0.0375548619724232,-29
Austin,Texas,mean_differ,0.00942350504455503,16
Austin,Texas,mean_tone_pos,-0.0262629840099172,0
Austin,Texas,mean_tone_pos,0.0812207444237433,40
Austin,Texas,mean_tone_neg,0.0615242652583712,-40
Austin,Texas,mean_tone_neg,0.0438196283726181,16
Austin,Texas,mean_emotion,0.0161534416801166,0
Austin,Texas,mean_emotion,0.101020785155563,10
Austin,Texas,mean_emo_pos,-0.000215102022201288,0
Austin,Texas,mean_emo_pos,0.0850625538582951,40
Austin,Texas,mean_emo_neg,0.0236516127199024,0
Austin,Texas,mean_emo_neg,0.131029504180068,16
Austin,Texas,mean_emo_anx,0.0840317355434569,-12
Austin,Texas,mean_emo_anx,0.0462799347801192,4
Austin,Texas,mean_emo_anger,0.335894475747267,-40
Austin,Texas,mean_emo_anger,0.0665586021118673,1
Austin,Texas,mean_emo_sad,0.125897536779776,-2
Austin,Texas,mean_emo_sad,0.121669630491723,1
Austin,Texas,mean_Social,-0.129673600800066,-40
Austin,Texas,mean_Social,-0.0493745134849803,19
Austin,Texas,mean_socbehav,-0.0477251511806833,-40
Austin,Texas,mean_socbehav,-0.00884362985096767,39
Austin,Texas,mean_prosocial,-0.0162253199697242,0
Austin,Texas,mean_prosocial,0.151512907044296,40
Austin,Texas,mean_polite,-0.042212088244507,-11
Austin,Texas,mean_polite,0.142277381057411,40
Austin,Texas,mean_conflict,0.0302473085606438,-40
Austin,Texas,mean_conflict,-0.0661765517581175,17
Austin,Texas,mean_moral,0.0389473341629405,-40
Austin,Texas,mean_moral,0.00176309558229857,26
Austin,Texas,mean_comm,-0.118196271991391,-31
Austin,Texas,mean_comm,-0.063779726363492,40
Austin,Texas,mean_socrefs,-0.148844126650064,0
Austin,Texas,mean_socrefs,-0.0193729134348527,18
Austin,Texas,mean_family,0.152235527147738,0
Austin,Texas,mean_family,0.238448613426305,32
Austin,Texas,mean_friend,0.145872020727526,-39
Austin,Texas,mean_friend,0.0829911325134209,40
Austin,Texas,mean_female,0.0878204639035409,-1
Austin,Texas,mean_female,0.0796412019023419,1
Austin,Texas,mean_male,-0.024012349984574,-40
Austin,Texas,mean_male,0.049419487221212,40
Austin,Texas,mean_health,0.179620446003741,0
Austin,Texas,mean_health,0.366219931202709,16
Austin,Texas,mean_illness,0.146705140164325,0
Austin,Texas,mean_illness,0.358179391143691,17
Austin,Texas,mean_wellness,0.144768451539468,0
Austin,Texas,mean_wellness,0.163847789530119,4
Austin,Texas,mean_mental,0.162755605200841,-23
Austin,Texas,mean_mental,0.144530099715577,4
Austin,Texas,mean_death,-0.157341002271824,0
Austin,Texas,mean_death,-0.0852325588927036,26
Austin,Texas,mean_need,-0.0160847374710759,-27
Austin,Texas,mean_need,-0.109349110381365,1
Austin,Texas,mean_want,0.0174488781019017,-17
Austin,Texas,mean_want,-0.0053698543229473,1
Austin,Texas,mean_lack,-0.0447586621798829,-40
Austin,Texas,mean_lack,-0.147690447706172,1
Austin,Texas,mean_fatigue,0.254135457340743,0
Austin,Texas,mean_fatigue,0.315956831670541,5
Austin,Texas,mean_reward,-0.036102985303166,-37
Austin,Texas,mean_reward,0.110737384701677,40
Austin,Texas,mean_risk,0.00858039577212619,-25
Austin,Texas,mean_risk,0.0637127071469291,19
Boston,Massachusetts,mean_Analytic,0.240234563094143,-40
Boston,Massachusetts,mean_Analytic,0.20123592184262,40
Boston,Massachusetts,mean_Tone,0.0285313340240149,-40
Boston,Massachusetts,mean_Tone,0.103416699923806,40
Boston,Massachusetts,mean_pronoun,-0.0683813558676252,0
Boston,Massachusetts,mean_pronoun,-0.0612474666811471,4
Boston,Massachusetts,mean_ppron,-0.0853237269659003,0
Boston,Massachusetts,mean_ppron,-0.0408357660083833,8
Boston,Massachusetts,mean_i,0.0655764398023264,-40
Boston,Massachusetts,mean_i,-0.0923148213205493,1
Boston,Massachusetts,mean_we,-0.0537829883179017,0
Boston,Massachusetts,mean_we,-0.000882042469650128,18
Boston,Massachusetts,mean_you,0.0224875060914692,0
Boston,Massachusetts,mean_you,0.221255146875968,16
Boston,Massachusetts,mean_shehe,-0.0935233049188797,-15
Boston,Massachusetts,mean_shehe,-0.0175453636211407,40
Boston,Massachusetts,mean_they,0.104873816432594,-30
Boston,Massachusetts,mean_they,0.0556038463919872,8
Boston,Massachusetts,mean_ipron,0.0072906232084035,-7
Boston,Massachusetts,mean_ipron,-0.0175659301464451,1
Boston,Massachusetts,mean_affiliation,-0.0182305023388038,0
Boston,Massachusetts,mean_affiliation,0.0793833595106953,16
Boston,Massachusetts,mean_allnone,0.119599235627567,-17
Boston,Massachusetts,mean_allnone,0.102745978660303,29
Boston,Massachusetts,mean_cogproc,-0.0551199015270637,0
Boston,Massachusetts,mean_cogproc,-0.0150630462106044,6
Boston,Massachusetts,mean_insight,-0.0143702569435837,0
Boston,Massachusetts,mean_insight,0.0040479598683674,5
Boston,Massachusetts,mean_cause,0.161220805441629,0
Boston,Massachusetts,mean_cause,0.16930533481953,5
Boston,Massachusetts,mean_discrep,-0.106555609392653,-34
Boston,Massachusetts,mean_discrep,0.0502469773197822,25
Boston,Massachusetts,mean_tentat,-0.193253428669343,-36
Boston,Massachusetts,mean_tentat,-0.0613435560729656,18
Boston,Massachusetts,mean_certitude,0.0148255224177949,0
Boston,Massachusetts,mean_certitude,0.0506702896073101,40
Boston,Massachusetts,mean_differ,-0.019198325162503,0
Boston,Massachusetts,mean_differ,0.0277653537580462,6
Boston,Massachusetts,mean_tone_pos,-0.0520857064840017,-40
Boston,Massachusetts,mean_tone_pos,-0.0532512428362957,15
Boston,Massachusetts,mean_tone_neg,-0.054718977310942,-22
Boston,Massachusetts,mean_tone_neg,-0.105359007582942,2
Boston,Massachusetts,mean_emotion,-0.0245047332353615,-18
Boston,Massachusetts,mean_emotion,0.026140834441022,39
Boston,Massachusetts,mean_emo_pos,0.040853351835687,-37
Boston,Massachusetts,mean_emo_pos,0.0975173697876971,38
Boston,Massachusetts,mean_emo_neg,-0.188326785867437,0
Boston,Massachusetts,mean_emo_neg,-0.170230640279239,4
Boston,Massachusetts,mean_emo_anx,-0.0976326044403761,-31
Boston,Massachusetts,mean_emo_anx,-0.018750706487531,20
Boston,Massachusetts,mean_emo_anger,0.0612771924415159,-34
Boston,Massachusetts,mean_emo_anger,0.00708336506406515,40
Boston,Massachusetts,mean_emo_sad,-0.0667578714970661,-19
Boston,Massachusetts,mean_emo_sad,-0.0213407901553556,40
Boston,Massachusetts,mean_Social,-0.139554706859279,0
Boston,Massachusetts,mean_Social,-0.0903742872506027,7
Boston,Massachusetts,mean_socbehav,-0.121102963077681,-37
Boston,Massachusetts,mean_socbehav,-0.172517663694981,16
Boston,Massachusetts,mean_prosocial,-0.176374713555327,-40
Boston,Massachusetts,mean_prosocial,-0.117744233724575,16
Boston,Massachusetts,mean_polite,-0.112606646744029,-40
Boston,Massachusetts,mean_polite,-0.131122734697497,16
Boston,Massachusetts,mean_conflict,0.0633256737591832,-36
Boston,Massachusetts,mean_conflict,-0.0487771339739633,1
Boston,Massachusetts,mean_moral,0.0227354334429349,-32
Boston,Massachusetts,mean_moral,-0.0586553099334886,19
Boston,Massachusetts,mean_comm,-0.171791569638319,-39
Boston,Massachusetts,mean_comm,-0.156724832474014,15
Boston,Massachusetts,mean_socrefs,-0.0485129661142617,0
Boston,Massachusetts,mean_socrefs,0.00552271437968756,7
Boston,Massachusetts,mean_family,0.0484659380614879,0
Boston,Massachusetts,mean_family,0.102982735914368,16
Boston,Massachusetts,mean_friend,0.137504905109069,-16
Boston,Massachusetts,mean_friend,0.121115052913366,34
Boston,Massachusetts,mean_female,-0.0320615604676055,-33
Boston,Massachusetts,mean_female,0.0123585483607121,19
Boston,Massachusetts,mean_male,-0.0623209292562897,-40
Boston,Massachusetts,mean_male,-0.0255716078062808,40
Boston,Massachusetts,mean_health,0.342886537801728,0
Boston,Massachusetts,mean_health,0.419549262732013,13
Boston,Massachusetts,mean_illness,0.381072477787694,0
Boston,Massachusetts,mean_illness,0.440684086418848,8
Boston,Massachusetts,mean_wellness,0.125665020908547,0
Boston,Massachusetts,mean_wellness,0.148762336008225,5
Boston,Massachusetts,mean_mental,-0.0473769643008837,0
Boston,Massachusetts,mean_mental,0.0746937740418119,26
Boston,Massachusetts,mean_death,-0.0777644412752773,0
Boston,Massachusetts,mean_death,-0.0660891110473259,5
Boston,Massachusetts,mean_need,0.0406334737560437,-1
Boston,Massachusetts,mean_need,0.115709566590312,27
Boston,Massachusetts,mean_want,0.0966880268464428,-40
Boston,Massachusetts,mean_want,0.0687008740574019,30
Boston,Massachusetts,mean_lack,0.0877220671921746,0
Boston,Massachusetts,mean_lack,0.11055628741652,9
Boston,Massachusetts,mean_fatigue,0.0563835628832184,-25
Boston,Massachusetts,mean_fatigue,0.0273537693025558,40
Boston,Massachusetts,mean_reward,-0.0208366940981086,-34
Boston,Massachusetts,mean_reward,-0.0200122049969732,6
Boston,Massachusetts,mean_risk,0.153445732950834,-20
Boston,Massachusetts,mean_risk,0.097714036879244,15
Chicago,Illinois,mean_Analytic,0.248874824716447,-40
Chicago,Illinois,mean_Analytic,0.183885030847932,40
Chicago,Illinois,mean_Tone,0.279554203735337,-40
Chicago,Illinois,mean_Tone,0.372129523221758,40
Chicago,Illinois,mean_pronoun,-0.10088070876551,-13
Chicago,Illinois,mean_pronoun,-0.0969427325710495,16
Chicago,Illinois,mean_ppron,0.0742738895200551,0
Chicago,Illinois,mean_ppron,0.0762035707286307,1
Chicago,Illinois,mean_i,0.284653509792091,-22
Chicago,Illinois,mean_i,0.212430548744543,40
Chicago,Illinois,mean_we,0.0397659330249539,0
Chicago,Illinois,mean_we,0.103475821410354,18
Chicago,Illinois,mean_you,-0.0203255030724461,0
Chicago,Illinois,mean_you,0.173771251406526,16
Chicago,Illinois,mean_shehe,-0.0240689787393075,-40
Chicago,Illinois,mean_shehe,-0.131609395747567,1
Chicago,Illinois,mean_they,0.0393507061797789,0
Chicago,Illinois,mean_they,0.0375673988305553,1
Chicago,Illinois,mean_ipron,-0.238381139405004,-32
Chicago,Illinois,mean_ipron,-0.0834785571740355,38
Chicago,Illinois,mean_affiliation,0.0670565227729962,0
Chicago,Illinois,mean_affiliation,0.077246806897825,4
Chicago,Illinois,mean_allnone,0.200993542984678,0
Chicago,Illinois,mean_allnone,0.19317368104444,1
Chicago,Illinois,mean_cogproc,-0.196300640214525,0
Chicago,Illinois,mean_cogproc,-0.192587248210124,1
Chicago,Illinois,mean_insight,-0.116796130115802,0
Chicago,Illinois,mean_insight,-0.10931635610876,2
Chicago,Illinois,mean_cause,-0.107311115067253,0
Chicago,Illinois,mean_cause,-0.107498211191497,1
Chicago,Illinois,mean_discrep,-0.1703169984287,0
Chicago,Illinois,mean_discrep,-0.133744889431678,18
Chicago,Illinois,mean_tentat,-0.106039020240929,-38
Chicago,Illinois,mean_tentat,-0.198112024692489,40
Chicago,Illinois,mean_certitude,-0.0546336194502949,-5
Chicago,Illinois,mean_certitude,0.0839391938469995,38
Chicago,Illinois,mean_differ,0.066519721214404,0
Chicago,Illinois,mean_differ,0.0782653137177873,2
Chicago,Illinois,mean_tone_pos,0.31684520851328,-38
Chicago,Illinois,mean_tone_pos,0.227063111537534,40
Chicago,Illinois,mean_tone_neg,-0.181498613047206,-40
Chicago,Illinois,mean_tone_neg,-0.251396185235443,1
Chicago,Illinois,mean_emotion,0.13858289537727,-39
Chicago,Illinois,mean_emotion,0.157246088210162,24
Chicago,Illinois,mean_emo_pos,0.258305946372121,-39
Chicago,Illinois,mean_emo_pos,0.226751521771976,40
Chicago,Illinois,mean_emo_neg,-0.188717036947854,0
Chicago,Illinois,mean_emo_neg,-0.123846538470737,18
Chicago,Illinois,mean_emo_anx,-0.22089710394004,-40
Chicago,Illinois,mean_emo_anx,-0.0713262319376255,36
Chicago,Illinois,mean_emo_anger,-0.0539509375257091,-40
Chicago,Illinois,mean_emo_anger,-0.0677873803359484,40
Chicago,Illinois,mean_emo_sad,0.0599155986249971,0
Chicago,Illinois,mean_emo_sad,0.121775822184272,10
Chicago,Illinois,mean_Social,-0.0587034592279859,0
Chicago,Illinois,mean_Social,-0.0573695504088499,1
Chicago,Illinois,mean_socbehav,0.064634900508401,-40
Chicago,Illinois,mean_socbehav,-0.105646093426973,38
Chicago,Illinois,mean_prosocial,0.289787749116129,-36
Chicago,Illinois,mean_prosocial,0.0799825217856301,23
Chicago,Illinois,mean_polite,0.336654739507354,-37
Chicago,Illinois,mean_polite,0.105673556509809,38
Chicago,Illinois,mean_conflict,-0.0984479916447099,-40
Chicago,Illinois,mean_conflict,-0.210058650241415,1
Chicago,Illinois,mean_moral,-0.135010847029665,-40
Chicago,Illinois,mean_moral,-0.196862448011619,32
Chicago,Illinois,mean_comm,0.0987352747273694,-36
Chicago,Illinois,mean_comm,-0.0434440811596968,38
Chicago,Illinois,mean_socrefs,-0.0061942222107886,0
Chicago,Illinois,mean_socrefs,-0.00106427222015645,2
Chicago,Illinois,mean_family,0.384854155935033,0
Chicago,Illinois,mean_family,0.414588304408958,5
Chicago,Illinois,mean_friend,0.28466380228221,-36
Chicago,Illinois,mean_friend,0.0561935073297736,22
Chicago,Illinois,mean_female,0.016313827484389,-37
Chicago,Illinois,mean_female,-0.018835728817636,10
Chicago,Illinois,mean_male,0.00202880630972836,-40
Chicago,Illinois,mean_male,-0.101927290326149,40
Chicago,Illinois,mean_health,0.302239161914694,0
Chicago,Illinois,mean_health,0.356539760171718,16
Chicago,Illinois,mean_illness,0.352021579137318,0
Chicago,Illinois,mean_illness,0.394104769420403,6
Chicago,Illinois,mean_wellness,0.267793661734164,0
Chicago,Illinois,mean_wellness,0.320903346829855,6
Chicago,Illinois,mean_mental,0.120462460891885,-40
Chicago,Illinois,mean_mental,0.0793610869420265,22
Chicago,Illinois,mean_death,-0.150781832322549,0
Chicago,Illinois,mean_death,-0.0843229621021506,18
Chicago,Illinois,mean_need,0.033025742840733,0
Chicago,Illinois,mean_need,0.0451399431607065,3
Chicago,Illinois,mean_want,0.0882252021783621,0
Chicago,Illinois,mean_want,0.132585081232444,16
Chicago,Illinois,mean_lack,0.0195021279217262,0
Chicago,Illinois,mean_lack,0.03361192205294,19
Chicago,Illinois,mean_fatigue,0.0769066648413113,-15
Chicago,Illinois,mean_fatigue,0.0497673873273087,1
Chicago,Illinois,mean_reward,-0.0213984206198685,-2
Chicago,Illinois,mean_reward,0.0323874808948891,40
Chicago,Illinois,mean_risk,-0.0664577917340602,0
Chicago,Illinois,mean_risk,-0.0447455887158325,4
Houston,Texas,mean_Analytic,0.201480303673455,-40
Houston,Texas,mean_Analytic,0.166570775957209,40
Houston,Texas,mean_Tone,0.040813348111844,-33
Houston,Texas,mean_Tone,0.266006604931668,40
Houston,Texas,mean_pronoun,-0.110601817176419,-7
Houston,Texas,mean_pronoun,-0.114964472472931,1
Houston,Texas,mean_ppron,-0.094697443440062,-28
Houston,Texas,mean_ppron,-0.0261314729817625,30
Houston,Texas,mean_i,0.0937838994809715,-40
Houston,Texas,mean_i,0.0588257285177109,40
Houston,Texas,mean_we,-0.0496344787357111,0
Houston,Texas,mean_we,-0.0335309296018841,19
Houston,Texas,mean_you,-0.0512562802794057,-40
Houston,Texas,mean_you,0.103122113052994,31
Houston,Texas,mean_shehe,0.153171390646239,-10
Houston,Texas,mean_shehe,0.0653896733029666,1
Houston,Texas,mean_they,0.0163463940306035,0
Houston,Texas,mean_they,0.0150919793657625,1
Houston,Texas,mean_ipron,-0.063240607872898,-4
Houston,Texas,mean_ipron,-0.0619379741182879,3
Houston,Texas,mean_affiliation,0.0903116133288484,0
Houston,Texas,mean_affiliation,0.0901751121569167,1
Houston,Texas,mean_allnone,0.0117960140828947,-30
Houston,Texas,mean_allnone,0.187805639264031,30
Houston,Texas,mean_cogproc,0.00381053519045032,0
Houston,Texas,mean_cogproc,0.00713032767931263,2
Houston,Texas,mean_insight,-0.0474269293274105,-5
Houston,Texas,mean_insight,-0.0571411110012699,29
Houston,Texas,mean_cause,-0.0822799527771744,0
Houston,Texas,mean_cause,-0.0657596890562192,33
Houston,Texas,mean_discrep,-0.101657742479613,-17
Houston,Texas,mean_discrep,-0.174888689764874,1
Houston,Texas,mean_tentat,0.133585297663617,-40
Houston,Texas,mean_tentat,0.112914882575276,2
Houston,Texas,mean_certitude,0.0500535003094974,-5
Houston,Texas,mean_certitude,0.0149719768551421,1
Houston,Texas,mean_differ,0.142009865069167,0
Houston,Texas,mean_differ,0.147427509275303,2
Houston,Texas,mean_tone_pos,-0.134850574833465,-40
Houston,Texas,mean_tone_pos,0.133832893571067,40
Houston,Texas,mean_tone_neg,-0.0013498525919801,0
Houston,Texas,mean_tone_neg,0.0165206802786244,16
Houston,Texas,mean_emotion,-0.0907557805408399,0
Houston,Texas,mean_emotion,0.0822532406585123,19
Houston,Texas,mean_emo_pos,-0.0784267622042763,0
Houston,Texas,mean_emo_pos,0.124534677269633,40
Houston,Texas,mean_emo_neg,-0.0833959465363685,0
Houston,Texas,mean_emo_neg,0.0375600639716291,20
Houston,Texas,mean_emo_anx,-0.0579168554796627,0
Houston,Texas,mean_emo_anx,-0.0246783177079495,6
Houston,Texas,mean_emo_anger,0.0679656983025906,-16
Houston,Texas,mean_emo_anger,0.000377150812971987,35
Houston,Texas,mean_emo_sad,-0.0313437764437497,0
Houston,Texas,mean_emo_sad,0.018914173997911,8
Houston,Texas,mean_Social,-0.0639160513046747,-7
Houston,Texas,mean_Social,0.0265385923080181,38
Houston,Texas,mean_socbehav,-0.117510320464515,-10
Houston,Texas,mean_socbehav,0.120632179080989,40
Houston,Texas,mean_prosocial,-0.169470949244749,-4
Houston,Texas,mean_prosocial,0.287298591047312,40
Houston,Texas,mean_polite,-0.102016620001696,-28
Houston,Texas,mean_polite,0.251386021635887,40
Houston,Texas,mean_conflict,-0.0664080106866954,0
Houston,Texas,mean_conflict,-0.00904151239056309,29
Houston,Texas,mean_moral,0.0727692783022084,-18
Houston,Texas,mean_moral,0.0255739955622598,37
Houston,Texas,mean_comm,-0.1004434550139,-2
Houston,Texas,mean_comm,0.159014088381171,40
Houston,Texas,mean_socrefs,-0.0230118429707926,0
Houston,Texas,mean_socrefs,-0.0243183311921249,1
Houston,Texas,mean_family,0.178993864215086,0
Houston,Texas,mean_family,0.218227573078515,13
Houston,Texas,mean_friend,0.140302037802933,-4
Houston,Texas,mean_friend,0.105851538825618,1
Houston,Texas,mean_female,0.120821455229351,-3
Houston,Texas,mean_female,0.111340463460666,1
Houston,Texas,mean_male,0.0778305026243319,-10
Houston,Texas,mean_male,-0.0105834369424994,38
Houston,Texas,mean_health,0.166242823544086,0
Houston,Texas,mean_health,0.366695772794091,16
Houston,Texas,mean_illness,0.201840596226534,0
Houston,Texas,mean_illness,0.413470623858126,16
Houston,Texas,mean_wellness,-0.0445761726077448,-6
Houston,Texas,mean_wellness,0.0202320553666077,40
Houston,Texas,mean_mental,-0.00892584864663259,0
Houston,Texas,mean_mental,0.0515051718265718,40
Houston,Texas,mean_death,0.053524026385307,0
Houston,Texas,mean_death,0.152184963592852,17
Houston,Texas,mean_need,-0.109548701558945,-7
Houston,Texas,mean_need,-0.103255754603143,3
Houston,Texas,mean_want,0.0109045170771065,0
Houston,Texas,mean_want,0.104487106787012,16
Houston,Texas,mean_lack,-0.0568582470784698,0
Houston,Texas,mean_lack,-0.00451593956824136,40
Houston,Texas,mean_fatigue,0.0321160332596438,0
Houston,Texas,mean_fatigue,0.256483595232897,20
Houston,Texas,mean_reward,0.00179589576077417,-32
Houston,Texas,mean_reward,-0.097606479735673,40
Houston,Texas,mean_risk,0.101253777221378,-2
Houston,Texas,mean_risk,0.0995391459932547,1
Los Angeles,California,mean_Analytic,0.230571220095155,-40
Los Angeles,California,mean_Analytic,0.00444353558398769,1
Los Angeles,California,mean_Tone,0.131823062568335,-38
Los Angeles,California,mean_Tone,0.110094225111237,22
Los Angeles,California,mean_pronoun,0.0464517553842583,-8
Los Angeles,California,mean_pronoun,0.0860788764760305,33
Los Angeles,California,mean_ppron,0.0953488248677485,0
Los Angeles,California,mean_ppron,0.116918231278179,7
Los Angeles,California,mean_i,0.0487120576212719,0
Los Angeles,California,mean_i,0.0705035378883135,12
Los Angeles,California,mean_we,0.0848046254768098,0
Los Angeles,California,mean_we,0.129324147974267,15
Los Angeles,California,mean_you,-0.0868471902306189,0
Los Angeles,California,mean_you,0.177268428209745,21
Los Angeles,California,mean_shehe,0.243811306090403,-7
Los Angeles,California,mean_shehe,0.196206463407326,1
Los Angeles,California,mean_they,-0.0272281406793644,-8
Los Angeles,California,mean_they,0.055982820196728,40
Los Angeles,California,mean_ipron,0.139763108658278,-33
Los Angeles,California,mean_ipron,0.167213464362046,40
Los Angeles,California,mean_affiliation,0.14749537686399,0
Los Angeles,California,mean_affiliation,0.226660407113331,16
Los Angeles,California,mean_allnone,0.0485183051952625,-19
Los Angeles,California,mean_allnone,0.0027597501322502,40
Los Angeles,California,mean_cogproc,-0.193167697892502,0
Los Angeles,California,mean_cogproc,0.0391732562812262,40
Los Angeles,California,mean_insight,-0.0800813834370991,-7
Los Angeles,California,mean_insight,-0.0504788058182953,36
Los Angeles,California,mean_cause,-0.0369736833370262,-40
Los Angeles,California,mean_cause,0.128743342615446,21
Los Angeles,California,mean_discrep,-0.161867859960679,-40
Los Angeles,California,mean_discrep,-0.0766666013865162,40
Los Angeles,California,mean_tentat,-0.26076557134062,0
Los Angeles,California,mean_tentat,-0.00257085859556485,40
Los Angeles,California,mean_certitude,0.0903954190475299,-9
Los Angeles,California,mean_certitude,0.0534383030381362,35
Los Angeles,California,mean_differ,-0.225625249235363,0
Los Angeles,California,mean_differ,0.0118592124838274,40
Los Angeles,California,mean_tone_pos,0.175133715746737,0
Los Angeles,California,mean_tone_pos,0.248515031544245,14
Los Angeles,California,mean_tone_neg,0.229533543487924,0
Los Angeles,California,mean_tone_neg,0.237302090491304,4
Los Angeles,California,mean_emotion,0.235723616610133,0
Los Angeles,California,mean_emotion,0.241500663790914,11
Los Angeles,California,mean_emo_pos,0.169110343305269,0
Los Angeles,California,mean_emo_pos,0.213382544321431,16
Los Angeles,California,mean_emo_neg,0.167743054764786,0
Los Angeles,California,mean_emo_neg,0.171604119160109,3
Los Angeles,California,mean_emo_anx,-0.0307263031796568,0
Los Angeles,California,mean_emo_anx,0.0461118072805413,35
Los Angeles,California,mean_emo_anger,0.136650996906054,-6
Los Angeles,California,mean_emo_anger,0.117935442972689,1
Los Angeles,California,mean_emo_sad,0.193487601418229,-2
Los Angeles,California,mean_emo_sad,0.205972060001809,12
Los Angeles,California,mean_Social,0.106837448335334,0
Los Angeles,California,mean_Social,0.11988827199416,6
Los Angeles,California,mean_socbehav,0.125971498100913,0
Los Angeles,California,mean_socbehav,0.148887151789369,7
Los Angeles,California,mean_prosocial,0.0729229961802869,0
Los Angeles,California,mean_prosocial,0.13534997927722,13
Los Angeles,California,mean_polite,0.0591439703835883,0
Los Angeles,California,mean_polite,0.115701733895173,13
Los Angeles,California,mean_conflict,0.0312757821283442,0
Los Angeles,California,mean_conflict,0.0297430306371302,1
Los Angeles,California,mean_moral,0.15950559152872,0
Los Angeles,California,mean_moral,0.173347951028846,40
Los Angeles,California,mean_comm,-0.00718448452745822,0
Los Angeles,California,mean_comm,0.0552775504769235,13
Los Angeles,California,mean_socrefs,0.0699481588998762,0
Los Angeles,California,mean_socrefs,0.0722261293506108,4
Los Angeles,California,mean_family,0.179467000811389,0
Los Angeles,California,mean_family,0.348731997336922,21
Los Angeles,California,mean_friend,0.112122161652147,-40
Los Angeles,California,mean_friend,0.111327011727622,6
Los Angeles,California,mean_female,0.130346573205406,0
Los Angeles,California,mean_female,0.171952919323974,12
Los Angeles,California,mean_male,0.247730194274361,-7
Los Angeles,California,mean_male,0.170683264571623,1
Los Angeles,California,mean_health,0.194131116157617,0
Los Angeles,California,mean_health,0.314280131301685,15
Los Angeles,California,mean_illness,0.188613946733629,0
Los Angeles,California,mean_illness,0.344218510518222,16
Los Angeles,California,mean_wellness,-0.160968036621338,-40
Los Angeles,California,mean_wellness,-0.137085960335431,21
Los Angeles,California,mean_mental,0.204272556477996,-3
Los Angeles,California,mean_mental,0.178425605353857,1
Los Angeles,California,mean_death,0.255484326896218,0
Los Angeles,California,mean_death,0.329606420221192,17
Los Angeles,California,mean_need,-0.131679238412082,0
Los Angeles,California,mean_need,0.0124232352775701,22
Los Angeles,California,mean_want,0.00375550209083536,-40
Los Angeles,California,mean_want,0.0485654972335603,33
Los Angeles,California,mean_lack,0.0286672314259365,-18
Los Angeles,California,mean_lack,-0.0125544380079196,1
Los Angeles,California,mean_fatigue,0.214281611841324,0
Los Angeles,California,mean_fatigue,0.228450977540759,18
Los Angeles,California,mean_reward,0.111534611503715,-30
Los Angeles,California,mean_reward,-0.0361477911670238,40
Los Angeles,California,mean_risk,0.035811881882568,0
Los Angeles,California,mean_risk,0.159050112554412,40
Nashville,Tennessee,mean_Analytic,0.0773187468203413,-30
Nashville,Tennessee,mean_Analytic,0.25254440613302,40
Nashville,Tennessee,mean_Tone,0.31578200257124,-40
Nashville,Tennessee,mean_Tone,0.124326703453907,37
Nashville,Tennessee,mean_pronoun,0.155111950176276,0
Nashville,Tennessee,mean_pronoun,0.162269478050334,3
Nashville,Tennessee,mean_ppron,0.259473025723101,0
Nashville,Tennessee,mean_ppron,0.275380926169457,3
Nashville,Tennessee,mean_i,0.292525670559844,-40
Nashville,Tennessee,mean_i,0.104818151094232,2
Nashville,Tennessee,mean_we,0.135789218498008,0
Nashville,Tennessee,mean_we,0.135526444415147,1
Nashville,Tennessee,mean_you,-0.0199514782268677,0
Nashville,Tennessee,mean_you,0.144145952782001,17
Nashville,Tennessee,mean_shehe,0.215645793324065,-7
Nashville,Tennessee,mean_shehe,0.193775092704233,1
Nashville,Tennessee,mean_they,0.300495497549477,-18
Nashville,Tennessee,mean_they,0.189733808491031,1
Nashville,Tennessee,mean_ipron,-0.0458659224525701,-4
Nashville,Tennessee,mean_ipron,-0.0737462592781437,1
Nashville,Tennessee,mean_affiliation,0.155384852379419,0
Nashville,Tennessee,mean_affiliation,0.204419520368771,15
Nashville,Tennessee,mean_allnone,0.0381756053799092,-40
Nashville,Tennessee,mean_allnone,0.16556173284603,19
Nashville,Tennessee,mean_cogproc,0.0189412668020981,-7
Nashville,Tennessee,mean_cogproc,-0.00251253585807615,7
Nashville,Tennessee,mean_insight,0.0250668796117079,-4
Nashville,Tennessee,mean_insight,0.0750368167729486,14
Nashville,Tennessee,mean_cause,-0.0281551957526231,0
Nashville,Tennessee,mean_cause,-0.0141001503778944,14
Nashville,Tennessee,mean_discrep,0.181474678854549,-40
Nashville,Tennessee,mean_discrep,0.0391315324679553,9
Nashville,Tennessee,mean_tentat,0.0734073881373239,-40
Nashville,Tennessee,mean_tentat,-0.0228853845408046,5
Nashville,Tennessee,mean_certitude,0.105287028729645,-40
Nashville,Tennessee,mean_certitude,0.0163629133523512,3
Nashville,Tennessee,mean_differ,-0.00184637596368174,-8
Nashville,Tennessee,mean_differ,-0.031148719229497,9
Nashville,Tennessee,mean_tone_pos,0.18630409308041,-36
Nashville,Tennessee,mean_tone_pos,0.118391372484232,37
Nashville,Tennessee,mean_tone_neg,0.119338061403556,0
Nashville,Tennessee,mean_tone_neg,0.125108067689999,3
Nashville,Tennessee,mean_emotion,0.136070206798653,-30
Nashville,Tennessee,mean_emotion,0.143838688320434,40
Nashville,Tennessee,mean_emo_pos,0.334761390011979,-36
Nashville,Tennessee,mean_emo_pos,0.157092526453426,40
Nashville,Tennessee,mean_emo_neg,-0.0147266294743896,0
Nashville,Tennessee,mean_emo_neg,0.0172352008404435,18
Nashville,Tennessee,mean_emo_anx,0.0131712910706932,-1
Nashville,Tennessee,mean_emo_anx,0.0916006223296213,20
Nashville,Tennessee,mean_emo_anger,-0.011037439437502,-11
Nashville,Tennessee,mean_emo_anger,-0.0110162062677252,3
Nashville,Tennessee,mean_emo_sad,0.00493107795575336,-2
Nashville,Tennessee,mean_emo_sad,-0.00660122199883513,3
Nashville,Tennessee,mean_Social,0.0643281358185526,0
Nashville,Tennessee,mean_Social,0.0848990085567787,5
Nashville,Tennessee,mean_socbehav,-0.00796599230693385,0
Nashville,Tennessee,mean_socbehav,0.0206546728050739,7
Nashville,Tennessee,mean_prosocial,0.021973725855386,0
Nashville,Tennessee,mean_prosocial,0.148364401956132,22
Nashville,Tennessee,mean_polite,0.0554579883040336,-40
Nashville,Tennessee,mean_polite,0.137567723901146,22
Nashville,Tennessee,mean_conflict,-0.0965131413852435,0
Nashville,Tennessee,mean_conflict,-0.090042977092303,4
Nashville,Tennessee,mean_moral,0.0635523001198014,-8
Nashville,Tennessee,mean_moral,0.0386607671462423,1
Nashville,Tennessee,mean_comm,-0.107326974953034,-40
Nashville,Tennessee,mean_comm,-0.0320031427450258,18
Nashville,Tennessee,mean_socrefs,0.122645447440812,0
Nashville,Tennessee,mean_socrefs,0.137674933944025,4
Nashville,Tennessee,mean_family,0.119361703412182,-16
Nashville,Tennessee,mean_family,0.232510536316921,40
Nashville,Tennessee,mean_friend,0.11879907044672,-38
Nashville,Tennessee,mean_friend,0.077576989201215,14
Nashville,Tennessee,mean_female,0.214634456619964,-40
Nashville,Tennessee,mean_female,0.0637201065200173,1
Nashville,Tennessee,mean_male,0.159338572411256,-7
Nashville,Tennessee,mean_male,0.123610011813301,1
Nashville,Tennessee,mean_health,0.077435984803,0
Nashville,Tennessee,mean_health,0.243589858388705,19
Nashville,Tennessee,mean_illness,0.0930299307171147,0
Nashville,Tennessee,mean_illness,0.254661464350263,18
Nashville,Tennessee,mean_wellness,-0.00957590034043444,0
Nashville,Tennessee,mean_wellness,0.0939625874792602,15
Nashville,Tennessee,mean_mental,0.140113798936894,-8
Nashville,Tennessee,mean_mental,0.13470170049002,40
Nashville,Tennessee,mean_death,-0.0195043764503957,0
Nashville,Tennessee,mean_death,0.05114569796308,18
Nashville,Tennessee,mean_need,0.0149009163145315,-40
Nashville,Tennessee,mean_need,-0.00129129807511697,5
Nashville,Tennessee,mean_want,0.0935451389244323,-40
Nashville,Tennessee,mean_want,0.115162154525287,18
Nashville,Tennessee,mean_lack,-0.00601079833492336,-6
Nashville,Tennessee,mean_lack,-0.0147415464652875,1
Nashville,Tennessee,mean_fatigue,0.106591277119823,0
Nashville,Tennessee,mean_fatigue,0.190097526067315,14
Nashville,Tennessee,mean_reward,0.268081603693618,-10
Nashville,Tennessee,mean_reward,0.255585194529782,1
Nashville,Tennessee,mean_risk,0.136968801011041,0
Nashville,Tennessee,mean_risk,0.223245868619408,19
New York,New York,mean_Analytic,0.0303805895869604,-35
New York,New York,mean_Analytic,-0.00363571242377764,40
New York,New York,mean_Tone,-0.143323083478452,0
New York,New York,mean_Tone,0.0795726931332528,28
New York,New York,mean_pronoun,0.0905804211970069,-40
New York,New York,mean_pronoun,0.00572846948943674,29
New York,New York,mean_ppron,0.0142665204967404,-40
New York,New York,mean_ppron,-0.0127208446300589,18
New York,New York,mean_i,-0.106685214098115,-40
New York,New York,mean_i,-0.0276680527872134,18
New York,New York,mean_we,0.299467628321369,0
New York,New York,mean_we,0.312286337157333,5
New York,New York,mean_you,-0.096669108995267,-40
New York,New York,mean_you,-0.0136293468696859,18
New York,New York,mean_shehe,0.223200809273868,-4
New York,New York,mean_shehe,0.195366811811804,1
New York,New York,mean_they,0.115316946768821,-40
New York,New York,mean_they,-0.00671255113843716,40
New York,New York,mean_ipron,0.26759910256564,-21
New York,New York,mean_ipron,0.225256837598651,40
New York,New York,mean_affiliation,0.154691026706799,0
New York,New York,mean_affiliation,0.155833664327533,3
New York,New York,mean_allnone,-0.00759061862731765,-40
New York,New York,mean_allnone,0.211237970740772,30
New York,New York,mean_cogproc,0.22530648253833,-11
New York,New York,mean_cogproc,0.123446517974229,1
New York,New York,mean_insight,0.148042846941571,-10
New York,New York,mean_insight,0.064695101256927,1
New York,New York,mean_cause,0.217973731625704,-24
New York,New York,mean_cause,0.124857164080126,31
New York,New York,mean_discrep,0.150360036726924,-3
New York,New York,mean_discrep,0.141825642055337,1
New York,New York,mean_tentat,-0.170640562226392,-2
New York,New York,mean_tentat,-0.0889393339272722,39
New York,New York,mean_certitude,0.204485431708011,-18
New York,New York,mean_certitude,0.120107505525851,40
New York,New York,mean_differ,0.111952688019089,0
New York,New York,mean_differ,0.134933212862154,12
New York,New York,mean_tone_pos,-0.112349088991562,-40
New York,New York,mean_tone_pos,0.170458019416334,34
New York,New York,mean_tone_neg,0.199145207818113,-15
New York,New York,mean_tone_neg,0.0783647481551547,38
New York,New York,mean_emotion,-0.0377324136928538,-23
New York,New York,mean_emotion,0.19690496761416,32
New York,New York,mean_emo_pos,-0.0763541477963502,-39
New York,New York,mean_emo_pos,0.196849730519223,34
New York,New York,mean_emo_neg,0.16376108693179,-6
New York,New York,mean_emo_neg,0.139940593962305,1
New York,New York,mean_emo_anx,0.0167467951110747,0
New York,New York,mean_emo_anx,0.194820286403746,24
New York,New York,mean_emo_anger,0.346340245441995,-40
New York,New York,mean_emo_anger,0.0378515366521837,38
New York,New York,mean_emo_sad,0.17562116745844,-15
New York,New York,mean_emo_sad,0.0929257186011007,1
New York,New York,mean_Social,0.188522667062303,-40
New York,New York,mean_Social,0.0241872050861431,1
New York,New York,mean_socbehav,0.139515331163778,-40
New York,New York,mean_socbehav,0.00256888316277343,40
New York,New York,mean_prosocial,-0.0297300926789724,-40
New York,New York,mean_prosocial,0.075146177529491,29
New York,New York,mean_polite,-0.114233805447102,-40
New York,New York,mean_polite,-0.00498196405732618,28
New York,New York,mean_conflict,0.145705093003283,-40
New York,New York,mean_conflict,-0.0300629993393419,40
New York,New York,mean_moral,0.20214075961146,-40
New York,New York,mean_moral,0.118695033149587,39
New York,New York,mean_comm,-0.0882565584616432,-36
New York,New York,mean_comm,-0.116418821949601,40
New York,New York,mean_socrefs,0.179191420531582,-40
New York,New York,mean_socrefs,0.0954451123921657,1
New York,New York,mean_family,0.295929827136599,0
New York,New York,mean_family,0.29858623807846,2
New York,New York,mean_friend,-0.0359797415167191,-40
New York,New York,mean_friend,0.0354561974292113,16
New York,New York,mean_female,0.15760828924763,-15
New York,New York,mean_female,0.0730857823543024,1
New York,New York,mean_male,0.157627521120828,-40
New York,New York,mean_male,0.125983130874442,1
New York,New York,mean_health,0.297038817452405,0
New York,New York,mean_health,0.522624308615959,16
New York,New York,mean_illness,0.306550552676621,0
New York,New York,mean_illness,0.552298064045883,15
New York,New York,mean_wellness,-0.198999817802685,0
New York,New York,mean_wellness,-0.0227527227617958,27
New York,New York,mean_mental,0.386587585775753,-13
New York,New York,mean_mental,0.154312771966589,34
New York,New York,mean_death,0.200345132941827,-17
New York,New York,mean_death,0.0796260531031433,1
New York,New York,mean_need,0.128835367606762,0
New York,New York,mean_need,0.162776365971179,10
New York,New York,mean_want,0.0146495171153072,-40
New York,New York,mean_want,0.0774518083211184,37
New York,New York,mean_lack,0.234129401445313,-10
New York,New York,mean_lack,0.154255856247016,1
New York,New York,mean_fatigue,0.109186448033557,-36
New York,New York,mean_fatigue,0.149085817807739,40
New York,New York,mean_reward,0.145442981348495,0
New York,New York,mean_reward,0.144793281653201,1
New York,New York,mean_risk,0.179197835187594,-7
New York,New York,mean_risk,0.21698891049379,25
Orlando,Florida,mean_Analytic,0.226074606129721,-40
Orlando,Florida,mean_Analytic,0.163988367941546,39
Orlando,Florida,mean_Tone,0.0300263017926078,-40
Orlando,Florida,mean_Tone,0.199555528101066,40
Orlando,Florida,mean_pronoun,-0.197883606276241,-37
Orlando,Florida,mean_pronoun,-0.0992781644220551,32
Orlando,Florida,mean_ppron,-0.0756839415035944,0
Orlando,Florida,mean_ppron,-0.0293575411293598,8
Orlando,Florida,mean_i,0.0313247131573938,-33
Orlando,Florida,mean_i,0.0799562031943157,40
Orlando,Florida,mean_we,-0.0582778211064186,-1
Orlando,Florida,mean_we,-0.06496513572121,1
Orlando,Florida,mean_you,-0.0203059681167821,0
Orlando,Florida,mean_you,0.0313072968024422,8
Orlando,Florida,mean_shehe,-0.0810758960348307,0
Orlando,Florida,mean_shehe,-0.0253431311788627,9
Orlando,Florida,mean_they,0.0302964780890181,-11
Orlando,Florida,mean_they,0.0492976299016965,12
Orlando,Florida,mean_ipron,-0.0763668860507036,-39
Orlando,Florida,mean_ipron,-0.0212846105042525,32
Orlando,Florida,mean_affiliation,0.00915737774970819,0
Orlando,Florida,mean_affiliation,0.0956213088683901,40
Orlando,Florida,mean_allnone,0.157950767570839,-40
Orlando,Florida,mean_allnone,0.0269733738456888,1
Orlando,Florida,mean_cogproc,0.0120036259207197,-34
Orlando,Florida,mean_cogproc,0.00382104837321297,5
Orlando,Florida,mean_insight,-0.0344911856489372,-38
Orlando,Florida,mean_insight,-0.0419305057879914,5
Orlando,Florida,mean_cause,0.0421013275446746,0
Orlando,Florida,mean_cause,0.0609963575676677,10
Orlando,Florida,mean_discrep,0.0511961316496295,-35
Orlando,Florida,mean_discrep,-0.017965264487895,2
Orlando,Florida,mean_tentat,0.10971228078429,-28
Orlando,Florida,mean_tentat,0.021716037331057,2
Orlando,Florida,mean_certitude,0.085463294131915,-40
Orlando,Florida,mean_certitude,0.0213513474677859,29
Orlando,Florida,mean_differ,0.0856481018235314,-31
Orlando,Florida,mean_differ,0.0617318598304169,7
Orlando,Florida,mean_tone_pos,-0.0548463081777608,-40
Orlando,Florida,mean_tone_pos,0.0525219467690494,40
Orlando,Florida,mean_tone_neg,0.0546706662978801,-11
Orlando,Florida,mean_tone_neg,0.0419574830278187,5
Orlando,Florida,mean_emotion,-0.0800848787952511,0
Orlando,Florida,mean_emotion,0.0449708393923236,39
Orlando,Florida,mean_emo_pos,-0.0371173990102172,-40
Orlando,Florida,mean_emo_pos,0.0749634246387025,40
Orlando,Florida,mean_emo_neg,-0.0368134573378929,-9
Orlando,Florida,mean_emo_neg,-0.0278778200770222,13
Orlando,Florida,mean_emo_anx,-0.0205288303398336,-11
Orlando,Florida,mean_emo_anx,-0.0233842103543778,16
Orlando,Florida,mean_emo_anger,0.242088600681486,-30
Orlando,Florida,mean_emo_anger,0.0903888277418704,12
Orlando,Florida,mean_emo_sad,0.0529272716097132,-3
Orlando,Florida,mean_emo_sad,0.118107236539145,39
Orlando,Florida,mean_Social,-0.114927527587405,0
Orlando,Florida,mean_Social,-0.0742970008628837,8
Orlando,Florida,mean_socbehav,-0.114776659145209,-40
Orlando,Florida,mean_socbehav,-0.10721695558903,40
Orlando,Florida,mean_prosocial,-0.0775738206642697,-40
Orlando,Florida,mean_prosocial,-0.0396596097253718,40
Orlando,Florida,mean_polite,-0.0590142330135538,-40
Orlando,Florida,mean_polite,-0.0567716016642049,40
Orlando,Florida,mean_conflict,-0.0244768496594707,-20
Orlando,Florida,mean_conflict,-0.0379672875284575,31
Orlando,Florida,mean_moral,0.19477038694159,-11
Orlando,Florida,mean_moral,0.157026631610214,3
Orlando,Florida,mean_comm,-0.12213956366568,-40
Orlando,Florida,mean_comm,-0.122354502115856,40
Orlando,Florida,mean_socrefs,-0.048686763683097,0
Orlando,Florida,mean_socrefs,0.00121427777987639,8
Orlando,Florida,mean_family,0.122647502788421,0
Orlando,Florida,mean_family,0.161627087522563,40
Orlando,Florida,mean_friend,-0.0305017424676,0
Orlando,Florida,mean_friend,0.0547964480202667,40
Orlando,Florida,mean_female,-0.0242244725352157,-33
Orlando,Florida,mean_female,-0.0393393817504044,8
Orlando,Florida,mean_male,-0.0628034337427593,-39
Orlando,Florida,mean_male,-0.0533392316532679,9
Orlando,Florida,mean_health,0.103524621447756,0
Orlando,Florida,mean_health,0.18285153044724,10
Orlando,Florida,mean_illness,0.138184125020161,0
Orlando,Florida,mean_illness,0.245800175686121,10
Orlando,Florida,mean_wellness,-0.0307394829042565,-39
Orlando,Florida,mean_wellness,-0.00646555270478542,30
Orlando,Florida,mean_mental,0.00213611614308675,0
Orlando,Florida,mean_mental,0.011791806640288,4
Orlando,Florida,mean_death,0.061658987862178,0
Orlando,Florida,mean_death,0.0746612305308176,9
Orlando,Florida,mean_need,-0.0133675943715366,0
Orlando,Florida,mean_need,0.0200901960206984,12
Orlando,Florida,mean_want,0.0315193468248656,-30
Orlando,Florida,mean_want,-0.0047893435236348,38
Orlando,Florida,mean_lack,-0.0824041640513741,0
Orlando,Florida,mean_lack,0.0381968770192918,22
Orlando,Florida,mean_fatigue,0.0360488518556257,0
Orlando,Florida,mean_fatigue,0.114178388974508,21
Orlando,Florida,mean_reward,-0.00194572788634155,-40
Orlando,Florida,mean_reward,0.0360631119913888,40
Orlando,Florida,mean_risk,-0.0479758243158818,-36
Orlando,Florida,mean_risk,0.00324146962940856,22
Philadelphia,Pennsylvania,mean_Analytic,0.243529756887424,-18
Philadelphia,Pennsylvania,mean_Analytic,0.103557135276229,1
Philadelphia,Pennsylvania,mean_Tone,0.245099501932424,-11
Philadelphia,Pennsylvania,mean_Tone,0.208651573715699,1
Philadelphia,Pennsylvania,mean_pronoun,-0.143852090202001,-33
Philadelphia,Pennsylvania,mean_pronoun,0.0493585990069699,22
Philadelphia,Pennsylvania,mean_ppron,-0.119448546112357,0
Philadelphia,Pennsylvania,mean_ppron,0.0917132674654862,21
Philadelphia,Pennsylvania,mean_i,0.17264879016114,-40
Philadelphia,Pennsylvania,mean_i,0.116747925734389,1
Philadelphia,Pennsylvania,mean_we,-0.120863067568982,0
Philadelphia,Pennsylvania,mean_we,0.00893474332145519,35
Philadelphia,Pennsylvania,mean_you,-0.232830487660165,0
Philadelphia,Pennsylvania,mean_you,0.092710597554763,20
Philadelphia,Pennsylvania,mean_shehe,0.0256416076649184,-10
Philadelphia,Pennsylvania,mean_shehe,0.22001531644143,40
Philadelphia,Pennsylvania,mean_they,-0.0648233159587116,-7
Philadelphia,Pennsylvania,mean_they,0.0654877228142076,23
Philadelphia,Pennsylvania,mean_ipron,-0.0219879640965494,-33
Philadelphia,Pennsylvania,mean_ipron,-0.0507649634433933,24
Philadelphia,Pennsylvania,mean_affiliation,-0.0923171154482653,-23
Philadelphia,Pennsylvania,mean_affiliation,0.0353502752031489,38
Philadelphia,Pennsylvania,mean_allnone,0.063498481473539,0
Philadelphia,Pennsylvania,mean_allnone,0.125742520272123,30
Philadelphia,Pennsylvania,mean_cogproc,0.0232161019893345,-38
Philadelphia,Pennsylvania,mean_cogproc,0.0335466594392627,27
Philadelphia,Pennsylvania,mean_insight,-0.0494608620990002,-33
Philadelphia,Pennsylvania,mean_insight,0.0419867666235403,33
Philadelphia,Pennsylvania,mean_cause,-0.0105818015745678,-35
Philadelphia,Pennsylvania,mean_cause,0.150189122738248,24
Philadelphia,Pennsylvania,mean_discrep,-0.0611340836159275,-35
Philadelphia,Pennsylvania,mean_discrep,0.00406361963397865,29
Philadelphia,Pennsylvania,mean_tentat,0.022814771839395,-40
Philadelphia,Pennsylvania,mean_tentat,-0.0445158562291477,23
Philadelphia,Pennsylvania,mean_certitude,0.0684779933946034,0
Philadelphia,Pennsylvania,mean_certitude,0.0733609878928743,4
Philadelphia,Pennsylvania,mean_differ,0.153445656008573,-40
Philadelphia,Pennsylvania,mean_differ,0.0682250278017242,40
Philadelphia,Pennsylvania,mean_tone_pos,0.163002084925879,-11
Philadelphia,Pennsylvania,mean_tone_pos,0.111339417213153,1
Philadelphia,Pennsylvania,mean_tone_neg,-0.159135929341226,0
Philadelphia,Pennsylvania,mean_tone_neg,0.194673939145451,38
Philadelphia,Pennsylvania,mean_emotion,0.0624335260901103,-2
Philadelphia,Pennsylvania,mean_emotion,0.0603459504166432,1
Philadelphia,Pennsylvania,mean_emo_pos,0.17035432178287,-11
Philadelphia,Pennsylvania,mean_emo_pos,0.135557279557792,1
Philadelphia,Pennsylvania,mean_emo_neg,-0.152350362980732,0
Philadelphia,Pennsylvania,mean_emo_neg,0.000488628088049178,35
Philadelphia,Pennsylvania,mean_emo_anx,-0.143976007134251,-40
Philadelphia,Pennsylvania,mean_emo_anx,-0.0288588696503672,29
Philadelphia,Pennsylvania,mean_emo_anger,0.11483846745486,-39
Philadelphia,Pennsylvania,mean_emo_anger,0.14145767827184,40
Philadelphia,Pennsylvania,mean_emo_sad,0.110221910367492,0
Philadelphia,Pennsylvania,mean_emo_sad,0.135634125327061,6
Philadelphia,Pennsylvania,mean_Social,-0.207415222537567,0
Philadelphia,Pennsylvania,mean_Social,0.0741551761149921,24
Philadelphia,Pennsylvania,mean_socbehav,-0.160412480796326,0
Philadelphia,Pennsylvania,mean_socbehav,-0.00819543968737642,40
Philadelphia,Pennsylvania,mean_prosocial,0.0386755863027881,-1
Philadelphia,Pennsylvania,mean_prosocial,0.0350787747236088,1
Philadelphia,Pennsylvania,mean_polite,-0.0218615694306442,0
Philadelphia,Pennsylvania,mean_polite,-0.0231990195574784,1
Philadelphia,Pennsylvania,mean_conflict,-0.122579340792656,-40
Philadelphia,Pennsylvania,mean_conflict,0.0269905099439118,40
Philadelphia,Pennsylvania,mean_moral,0.024196916481454,0
Philadelphia,Pennsylvania,mean_moral,0.256093985003516,40
Philadelphia,Pennsylvania,mean_comm,-0.179907031176633,0
Philadelphia,Pennsylvania,mean_comm,-0.179967447890803,1
Philadelphia,Pennsylvania,mean_socrefs,-0.203192999382932,-30
Philadelphia,Pennsylvania,mean_socrefs,0.149309444643787,24
Philadelphia,Pennsylvania,mean_family,0.123527069498881,0
Philadelphia,Pennsylvania,mean_family,0.161095053674871,10
Philadelphia,Pennsylvania,mean_friend,-0.219056694185268,-8
Philadelphia,Pennsylvania,mean_friend,-0.12213971392036,24
Philadelphia,Pennsylvania,mean_female,0.124161770143267,-36
Philadelphia,Pennsylvania,mean_female,0.106169338325133,28
Philadelphia,Pennsylvania,mean_male,-0.0418449488389015,-10
Philadelphia,Pennsylvania,mean_male,0.168114388082115,40
Philadelphia,Pennsylvania,mean_health,0.123079567021774,0
Philadelphia,Pennsylvania,mean_health,0.279370836262202,14
Philadelphia,Pennsylvania,mean_illness,0.15883482728422,0
Philadelphia,Pennsylvania,mean_illness,0.320519224904689,14
Philadelphia,Pennsylvania,mean_wellness,0.158829090079215,-1
Philadelphia,Pennsylvania,mean_wellness,0.156896610603146,1
Philadelphia,Pennsylvania,mean_mental,-0.0449711997661098,-7
Philadelphia,Pennsylvania,mean_mental,0.162343111007253,24
Philadelphia,Pennsylvania,mean_death,-0.161771193201719,0
Philadelphia,Pennsylvania,mean_death,0.213951311637807,40
Philadelphia,Pennsylvania,mean_need,-0.0476259307936425,0
Philadelphia,Pennsylvania,mean_need,0.0358608688946512,26
Philadelphia,Pennsylvania,mean_want,0.0965236646436255,-25
Philadelphia,Pennsylvania,mean_want,0.0449262954392032,32
Philadelphia,Pennsylvania,mean_lack,0.0674847826054873,0
Philadelphia,Pennsylvania,mean_lack,0.0828162226365931,4
Philadelphia,Pennsylvania,mean_fatigue,-0.0810018637085864,0
Philadelphia,Pennsylvania,mean_fatigue,0.353081135928444,40
Philadelphia,Pennsylvania,mean_reward,0.212082837837976,-30
Philadelphia,Pennsylvania,mean_reward,0.0490150738665808,40
Philadelphia,Pennsylvania,mean_risk,0.0585278755100851,-25
Philadelphia,Pennsylvania,mean_risk,0.202602199963757,25
Phoenix,Arizona,mean_Analytic,0.300824091183387,-36
Phoenix,Arizona,mean_Analytic,0.213889184565152,1
Phoenix,Arizona,mean_Tone,0.308632089453649,-8
Phoenix,Arizona,mean_Tone,0.285644916758769,1
Phoenix,Arizona,mean_pronoun,-0.220245390282198,0
Phoenix,Arizona,mean_pronoun,-0.128856390582787,22
Phoenix,Arizona,mean_ppron,-0.109363070093796,0
Phoenix,Arizona,mean_ppron,0.00312307020643748,20
Phoenix,Arizona,mean_i,0.0693441331933397,-40
Phoenix,Arizona,mean_i,0.00882576943679428,40
Phoenix,Arizona,mean_we,-0.165495057652379,-4
Phoenix,Arizona,mean_we,-0.154560281568295,20
Phoenix,Arizona,mean_you,-0.0595319657980224,-28
Phoenix,Arizona,mean_you,0.113675930434368,30
Phoenix,Arizona,mean_shehe,-0.0345701475864625,0
Phoenix,Arizona,mean_shehe,0.0806365849028896,14
Phoenix,Arizona,mean_they,0.157022496836639,0
Phoenix,Arizona,mean_they,0.160619307444466,1
Phoenix,Arizona,mean_ipron,-0.264561596130354,-12
Phoenix,Arizona,mean_ipron,-0.218214138277659,34
Phoenix,Arizona,mean_affiliation,0.0281314553349977,0
Phoenix,Arizona,mean_affiliation,0.0625930720735683,14
Phoenix,Arizona,mean_allnone,-0.087456374688787,-3
Phoenix,Arizona,mean_allnone,0.181892789068066,40
Phoenix,Arizona,mean_cogproc,-0.243098295672859,-21
Phoenix,Arizona,mean_cogproc,-0.223345499254571,22
Phoenix,Arizona,mean_insight,-0.24011310762458,-25
Phoenix,Arizona,mean_insight,-0.18787671567264,23
Phoenix,Arizona,mean_cause,-0.142207874224074,-26
Phoenix,Arizona,mean_cause,-0.233483958670291,9
Phoenix,Arizona,mean_discrep,-0.11804607878235,-19
Phoenix,Arizona,mean_discrep,-0.096389211084054,17
Phoenix,Arizona,mean_tentat,-0.060716464158004,0
Phoenix,Arizona,mean_tentat,-0.0509649213534518,3
Phoenix,Arizona,mean_certitude,-0.013961450172909,-21
Phoenix,Arizona,mean_certitude,0.0472523933956147,31
Phoenix,Arizona,mean_differ,-0.234549851372191,0
Phoenix,Arizona,mean_differ,-0.168481002369734,40
Phoenix,Arizona,mean_tone_pos,0.150172615833025,0
Phoenix,Arizona,mean_tone_pos,0.355007626673094,34
Phoenix,Arizona,mean_tone_neg,-0.166044765642607,0
Phoenix,Arizona,mean_tone_neg,0.0366722304805957,20
Phoenix,Arizona,mean_emotion,0.0209923518484874,0
Phoenix,Arizona,mean_emotion,0.251642339248008,27
Phoenix,Arizona,mean_emo_pos,0.102012469307451,0
Phoenix,Arizona,mean_emo_pos,0.282057975402537,28
Phoenix,Arizona,mean_emo_neg,-0.210097227012019,-28
Phoenix,Arizona,mean_emo_neg,0.0763490677233622,23
Phoenix,Arizona,mean_emo_anx,-0.22730980245864,0
Phoenix,Arizona,mean_emo_anx,-0.111268307543474,30
Phoenix,Arizona,mean_emo_anger,0.00258526105273838,-30
Phoenix,Arizona,mean_emo_anger,0.0531679771092022,40
Phoenix,Arizona,mean_emo_sad,0.0381434163939832,0
Phoenix,Arizona,mean_emo_sad,0.1458325663676,19
Phoenix,Arizona,mean_Social,0.00443422048917833,0
Phoenix,Arizona,mean_Social,0.0999872400618924,18
Phoenix,Arizona,mean_socbehav,0.0749433123111016,0
Phoenix,Arizona,mean_socbehav,0.164621810262034,19
Phoenix,Arizona,mean_prosocial,0.126750786660475,0
Phoenix,Arizona,mean_prosocial,0.175202864057415,31
Phoenix,Arizona,mean_polite,0.111752498929942,0
Phoenix,Arizona,mean_polite,0.196375132852959,32
Phoenix,Arizona,mean_conflict,-0.127532670853551,0
Phoenix,Arizona,mean_conflict,0.000414641549755167,38
Phoenix,Arizona,mean_moral,0.0505110397559326,0
Phoenix,Arizona,mean_moral,0.164825786652167,19
Phoenix,Arizona,mean_comm,0.0274234605176569,0
Phoenix,Arizona,mean_comm,0.0754762785648516,18
Phoenix,Arizona,mean_socrefs,-0.0300774639779885,0
Phoenix,Arizona,mean_socrefs,0.0577800000243866,14
Phoenix,Arizona,mean_family,0.284198009898525,0
Phoenix,Arizona,mean_family,0.309808852093359,12
Phoenix,Arizona,mean_friend,0.0467736088210157,-19
Phoenix,Arizona,mean_friend,0.0558454920672805,21
Phoenix,Arizona,mean_female,0.018633639161387,0
Phoenix,Arizona,mean_female,0.126054103025917,14
Phoenix,Arizona,mean_male,-0.0363071351391128,0
Phoenix,Arizona,mean_male,0.0169478738567867,12
Phoenix,Arizona,mean_health,-0.0436400904516002,0
Phoenix,Arizona,mean_health,0.0423696421154892,12
Phoenix,Arizona,mean_illness,-0.0223212228730974,0
Phoenix,Arizona,mean_illness,0.0748139839117773,15
Phoenix,Arizona,mean_wellness,0.0528814093993809,0
Phoenix,Arizona,mean_wellness,0.0933889655696494,10
Phoenix,Arizona,mean_mental,-0.0132715318507591,0
Phoenix,Arizona,mean_mental,0.0336235679481108,26
Phoenix,Arizona,mean_death,-0.110638590662806,-3
Phoenix,Arizona,mean_death,-0.117694779275775,1
Phoenix,Arizona,mean_need,-0.125499827612029,-40
Phoenix,Arizona,mean_need,-0.0719235296890385,22
Phoenix,Arizona,mean_want,-0.0750889463311498,-30
Phoenix,Arizona,mean_want,0.00689133918967748,25
Phoenix,Arizona,mean_lack,-0.0829672775234808,-20
Phoenix,Arizona,mean_lack,-0.118910358811375,7
Phoenix,Arizona,mean_fatigue,-0.0621589455412614,0
Phoenix,Arizona,mean_fatigue,0.02268389133298,40
Phoenix,Arizona,mean_reward,-0.0377756973146779,-19
Phoenix,Arizona,mean_reward,0.0120484668934592,39
Phoenix,Arizona,mean_risk,-0.0832262496641612,0
Phoenix,Arizona,mean_risk,-0.043187453902996,12
Portland,Oregon,mean_Analytic,0.277076964034269,-39
Portland,Oregon,mean_Analytic,0.231722997424952,24
Portland,Oregon,mean_Tone,0.00876753362140178,-40
Portland,Oregon,mean_Tone,0.127094520865988,25
Portland,Oregon,mean_pronoun,-0.214371512001228,-9
Portland,Oregon,mean_pronoun,-0.129137999785485,40
Portland,Oregon,mean_ppron,-0.369680290997585,0
Portland,Oregon,mean_ppron,-0.133712427535543,40
Portland,Oregon,mean_i,-0.0867513702720662,-40
Portland,Oregon,mean_i,0.109083626898805,40
Portland,Oregon,mean_we,0.270730925480114,-9
Portland,Oregon,mean_we,0.239838445257348,1
Portland,Oregon,mean_you,-0.386148087425976,0
Portland,Oregon,mean_you,-0.210869230068865,21
Portland,Oregon,mean_shehe,-0.0642694584994493,-32
Portland,Oregon,mean_shehe,-0.0233000634052983,31
Portland,Oregon,mean_they,0.0656443399531019,-7
Portland,Oregon,mean_they,0.0512797856685374,1
Portland,Oregon,mean_ipron,0.425171246181052,-15
Portland,Oregon,mean_ipron,0.257244294969664,1
Portland,Oregon,mean_affiliation,0.158507238140337,-8
Portland,Oregon,mean_affiliation,0.105216399118783,1
Portland,Oregon,mean_allnone,0.212169070904925,-20
Portland,Oregon,mean_allnone,0.134040726145295,28
Portland,Oregon,mean_cogproc,0.123073264122135,-16
Portland,Oregon,mean_cogproc,0.0485853823073734,1
Portland,Oregon,mean_insight,0.133367643551991,-21
Portland,Oregon,mean_insight,0.061195823481269,1
Portland,Oregon,mean_cause,0.219114818178754,-31
Portland,Oregon,mean_cause,0.0668018115615437,1
Portland,Oregon,mean_discrep,-0.0660449452345401,-8
Portland,Oregon,mean_discrep,-0.0743374145524946,1
Portland,Oregon,mean_tentat,-0.176401921828482,-13
Portland,Oregon,mean_tentat,-0.210798541122899,1
Portland,Oregon,mean_certitude,0.266923857701319,-20
Portland,Oregon,mean_certitude,0.137730216137308,12
Portland,Oregon,mean_differ,0.0655639085252962,0
Portland,Oregon,mean_differ,0.0666740986600914,1
Portland,Oregon,mean_tone_pos,-0.0594760346779198,-1
Portland,Oregon,mean_tone_pos,0.103758976014131,29
Portland,Oregon,mean_tone_neg,-0.0263905506662532,-21
Portland,Oregon,mean_tone_neg,-0.0936947877100232,38
Portland,Oregon,mean_emotion,-0.0467716171722961,-6
Portland,Oregon,mean_emotion,0.200281842505617,31
Portland,Oregon,mean_emo_pos,-0.0124866285214336,-40
Portland,Oregon,mean_emo_pos,0.26438660547787,31
Portland,Oregon,mean_emo_neg,-0.147860673138878,-6
Portland,Oregon,mean_emo_neg,-0.0730315374818085,13
Portland,Oregon,mean_emo_anx,-0.169935781285791,0
Portland,Oregon,mean_emo_anx,-0.0817881738488466,40
Portland,Oregon,mean_emo_anger,0.0998847749529973,-38
Portland,Oregon,mean_emo_anger,-0.0146047270075833,40
Portland,Oregon,mean_emo_sad,0.283268585592427,-20
Portland,Oregon,mean_emo_sad,0.156976132227131,1
Portland,Oregon,mean_Social,-0.153505119321896,-8
Portland,Oregon,mean_Social,-0.157147082926938,34
Portland,Oregon,mean_socbehav,-0.185249624237399,-20
Portland,Oregon,mean_socbehav,-0.0853798413063755,40
Portland,Oregon,mean_prosocial,-0.0678867751849823,0
Portland,Oregon,mean_prosocial,0.0302186176784447,22
Portland,Oregon,mean_polite,-0.183927569638394,0
Portland,Oregon,mean_polite,0.0258801169883458,25
Portland,Oregon,mean_conflict,-0.0625661009232525,-37
Portland,Oregon,mean_conflict,-0.126803518026714,40
Portland,Oregon,mean_moral,0.0937512729852942,-31
Portland,Oregon,mean_moral,0.0296234430412868,32
Portland,Oregon,mean_comm,-0.27223386271994,-3
Portland,Oregon,mean_comm,-0.116392646689719,40
Portland,Oregon,mean_socrefs,-0.14927155985802,-4
Portland,Oregon,mean_socrefs,-0.148572742434848,8
Portland,Oregon,mean_family,0.0467744341552445,-3
Portland,Oregon,mean_family,0.0587183571150741,14
Portland,Oregon,mean_friend,-0.100569069189507,-40
Portland,Oregon,mean_friend,-0.122328263630248,40
Portland,Oregon,mean_female,-0.119032869462688,0
Portland,Oregon,mean_female,0.139278960474813,29
Portland,Oregon,mean_male,-0.0278791775206927,-32
Portland,Oregon,mean_male,-0.112980680663718,33
Portland,Oregon,mean_health,0.141879704758203,0
Portland,Oregon,mean_health,0.182675113194984,8
Portland,Oregon,mean_illness,0.132166443107301,0
Portland,Oregon,mean_illness,0.189663121962,8
Portland,Oregon,mean_wellness,-0.00952546725489469,-22
Portland,Oregon,mean_wellness,-0.0864631414536838,1
Portland,Oregon,mean_mental,0.375662739269247,-20
Portland,Oregon,mean_mental,0.161576228982119,1
Portland,Oregon,mean_death,-0.0494739994188024,-40
Portland,Oregon,mean_death,-0.0935263983981946,40
Portland,Oregon,mean_need,0.0386027004477212,0
Portland,Oregon,mean_need,0.0533266379941265,7
Portland,Oregon,mean_want,0.185057333297346,-5
Portland,Oregon,mean_want,0.159769298684113,1
Portland,Oregon,mean_lack,0.413371392363515,-20
Portland,Oregon,mean_lack,0.259705243666618,1
Portland,Oregon,mean_fatigue,0.0515850317864745,0
Portland,Oregon,mean_fatigue,0.13030941339011,20
Portland,Oregon,mean_reward,0.0897581684238562,-16
Portland,Oregon,mean_reward,0.0446432356444708,27
Portland,Oregon,mean_risk,-0.0344907605109362,0
Portland,Oregon,mean_risk,0.0580072116879487,17
Raleigh,North Carolina,mean_Analytic,0.364681602411004,-40
Raleigh,North Carolina,mean_Analytic,0.252627648902386,40
Raleigh,North Carolina,mean_Tone,0.189563567522363,-17
Raleigh,North Carolina,mean_Tone,0.100238447975726,40
Raleigh,North Carolina,mean_pronoun,-0.184187079160269,0
Raleigh,North Carolina,mean_pronoun,-0.185754319586689,1
Raleigh,North Carolina,mean_ppron,-0.0253826678004733,0
Raleigh,North Carolina,mean_ppron,-0.0283083852743091,1
Raleigh,North Carolina,mean_i,0.0449369163505031,-5
Raleigh,North Carolina,mean_i,0.0260088586021043,2
Raleigh,North Carolina,mean_we,-0.0869185418751975,0
Raleigh,North Carolina,mean_we,-0.0854284787171872,2
Raleigh,North Carolina,mean_you,0.0647261899716563,0
Raleigh,North Carolina,mean_you,0.0693251804086374,3
Raleigh,North Carolina,mean_shehe,-0.128996690926305,-1
Raleigh,North Carolina,mean_shehe,-0.084181924362999,40
Raleigh,North Carolina,mean_they,0.0147147152384094,0
Raleigh,North Carolina,mean_they,0.0609488183132918,17
Raleigh,North Carolina,mean_ipron,-0.0225866952515001,-40
Raleigh,North Carolina,mean_ipron,-0.177237679796519,40
Raleigh,North Carolina,mean_affiliation,0.00948526101569381,-9
Raleigh,North Carolina,mean_affiliation,0.00688821926001464,2
Raleigh,North Carolina,mean_allnone,0.041921872218165,-38
Raleigh,North Carolina,mean_allnone,0.146346571094495,18
Raleigh,North Carolina,mean_cogproc,-0.175060131504272,0
Raleigh,North Carolina,mean_cogproc,-0.168607963538602,3
Raleigh,North Carolina,mean_insight,-0.193931243519614,0
Raleigh,North Carolina,mean_insight,-0.192340442888802,2
Raleigh,North Carolina,mean_cause,0.0287543338693889,0
Raleigh,North Carolina,mean_cause,0.0925883370078763,14
Raleigh,North Carolina,mean_discrep,-0.0673606701031062,-15
Raleigh,North Carolina,mean_discrep,-0.131179310766859,1
Raleigh,North Carolina,mean_tentat,-0.0235886412761739,-19
Raleigh,North Carolina,mean_tentat,-0.0650248657480083,1
Raleigh,North Carolina,mean_certitude,-0.13545602642998,0
Raleigh,North Carolina,mean_certitude,-0.00436731128071298,40
Raleigh,North Carolina,mean_differ,-0.106761196953339,0
Raleigh,North Carolina,mean_differ,-0.0421790763973523,17
Raleigh,North Carolina,mean_tone_pos,0.000810731544450435,-15
Raleigh,North Carolina,mean_tone_pos,-0.0243899264314852,40
Raleigh,North Carolina,mean_tone_neg,-0.125548741581634,0
Raleigh,North Carolina,mean_tone_neg,-0.105110034679922,40
Raleigh,North Carolina,mean_emotion,-0.0408713576595778,-13
Raleigh,North Carolina,mean_emotion,-0.0711785065723078,23
Raleigh,North Carolina,mean_emo_pos,0.0597531887502295,-16
Raleigh,North Carolina,mean_emo_pos,0.00650072833137423,40
Raleigh,North Carolina,mean_emo_neg,-0.085774959479011,0
Raleigh,North Carolina,mean_emo_neg,-0.0637590405570503,26
Raleigh,North Carolina,mean_emo_anx,-0.0162746739839969,0
Raleigh,North Carolina,mean_emo_anx,-0.00725287840466299,1
Raleigh,North Carolina,mean_emo_anger,0.0833397684500107,0
Raleigh,North Carolina,mean_emo_anger,0.157133441549787,20
Raleigh,North Carolina,mean_emo_sad,0.0121701201764712,-40
Raleigh,North Carolina,mean_emo_sad,0.148787531506231,26
Raleigh,North Carolina,mean_Social,-0.114279993781328,0
Raleigh,North Carolina,mean_Social,-0.113552958642791,1
Raleigh,North Carolina,mean_socbehav,-0.158573217874469,-2
Raleigh,North Carolina,mean_socbehav,-0.164471292064893,1
Raleigh,North Carolina,mean_prosocial,-0.0772227700499185,-10
Raleigh,North Carolina,mean_prosocial,-0.129046492735216,1
Raleigh,North Carolina,mean_polite,-0.0404392296040062,-11
Raleigh,North Carolina,mean_polite,-0.138525911751894,1
Raleigh,North Carolina,mean_conflict,-0.108418509931957,0
Raleigh,North Carolina,mean_conflict,-0.104246235111637,16
Raleigh,North Carolina,mean_moral,-0.0609526933404636,0
Raleigh,North Carolina,mean_moral,-0.0206396046118883,40
Raleigh,North Carolina,mean_comm,-0.137588789034421,-10
Raleigh,North Carolina,mean_comm,-0.181687431461159,1
Raleigh,North Carolina,mean_socrefs,-0.0471302791160835,0
Raleigh,North Carolina,mean_socrefs,-0.0438789944324887,4
Raleigh,North Carolina,mean_family,0.145522892082282,0
Raleigh,North Carolina,mean_family,0.183065195182237,13
Raleigh,North Carolina,mean_friend,0.0365705852687702,-4
Raleigh,North Carolina,mean_friend,0.0206073293597123,2
Raleigh,North Carolina,mean_female,0.00722037451313138,-5
Raleigh,North Carolina,mean_female,0.0500660993671018,40
Raleigh,North Carolina,mean_male,-0.110529606316508,-3
Raleigh,North Carolina,mean_male,-0.0975838815194672,40
Raleigh,North Carolina,mean_health,0.0594010116236636,0
Raleigh,North Carolina,mean_health,0.161280167187588,14
Raleigh,North Carolina,mean_illness,0.0135376461855896,0
Raleigh,North Carolina,mean_illness,0.146992482613037,14
Raleigh,North Carolina,mean_wellness,0.154462263719384,-31
Raleigh,North Carolina,mean_wellness,-0.0158515309358672,32
Raleigh,North Carolina,mean_mental,0.166122029433385,0
Raleigh,North Carolina,mean_mental,0.169724860634059,3
Raleigh,North Carolina,mean_death,-0.163438831651106,0
Raleigh,North Carolina,mean_death,-0.160460208737885,1
Raleigh,North Carolina,mean_need,0.0397661958654972,0
Raleigh,North Carolina,mean_need,0.0444644333860196,2
Raleigh,North Carolina,mean_want,-0.0919388839991445,-31
Raleigh,North Carolina,mean_want,-0.0993292594327337,10
Raleigh,North Carolina,mean_lack,0.0819463439870951,-31
Raleigh,North Carolina,mean_lack,-0.058819807133561,2
Raleigh,North Carolina,mean_fatigue,0.160878921131437,-3
Raleigh,North Carolina,mean_fatigue,0.137755777926135,1
Raleigh,North Carolina,mean_reward,0.152407068383051,-35
Raleigh,North Carolina,mean_reward,0.206907228857839,15
Raleigh,North Carolina,mean_risk,-0.100824810532251,0
Raleigh,North Carolina,mean_risk,-0.0355134932561713,39
San Diego,California,mean_Analytic,0.134843294019876,-13
San Diego,California,mean_Analytic,0.103996383029625,40
San Diego,California,mean_Tone,-0.0104255479878978,-40
San Diego,California,mean_Tone,0.108696371337416,40
San Diego,California,mean_pronoun,0.0799829963627257,-35
San Diego,California,mean_pronoun,-0.0163161531026661,5
San Diego,California,mean_ppron,0.0915882006032449,-33
San Diego,California,mean_ppron,0.0711175981956788,5
San Diego,California,mean_i,0.256040411726917,-39
San Diego,California,mean_i,0.0597065777035328,5
San Diego,California,mean_we,0.120869458036449,-1
San Diego,California,mean_we,0.150586210344221,8
San Diego,California,mean_you,-0.0745954964669318,-40
San Diego,California,mean_you,-0.0313109269078723,21
San Diego,California,mean_shehe,0.0823671126839708,-26
San Diego,California,mean_shehe,-0.0319096687683446,1
San Diego,California,mean_they,0.156911455637924,-13
San Diego,California,mean_they,0.145650631777188,1
San Diego,California,mean_ipron,0.013864890158053,-35
San Diego,California,mean_ipron,0.0742980222604888,40
San Diego,California,mean_affiliation,0.275191324007051,0
San Diego,California,mean_affiliation,0.333053927033461,14
San Diego,California,mean_allnone,0.193578322791205,-35
San Diego,California,mean_allnone,0.145593863469599,16
San Diego,California,mean_cogproc,-0.106302101645149,-4
San Diego,California,mean_cogproc,-0.0735517754865817,38
San Diego,California,mean_insight,-0.161252982086708,-34
San Diego,California,mean_insight,-0.033837973881121,39
San Diego,California,mean_cause,0.0789155073138627,-3
San Diego,California,mean_cause,0.0641621121891654,1
San Diego,California,mean_discrep,0.0101253105053539,-40
San Diego,California,mean_discrep,-0.132404687309707,36
San Diego,California,mean_tentat,-0.1981004761504,0
San Diego,California,mean_tentat,-0.0458256157567393,39
San Diego,California,mean_certitude,-0.0695617082475119,-33
San Diego,California,mean_certitude,0.0837172333761422,40
San Diego,California,mean_differ,0.0857521111161947,0
San Diego,California,mean_differ,0.118889447189665,5
San Diego,California,mean_tone_pos,-0.0912081262332073,-40
San Diego,California,mean_tone_pos,0.0299345800068054,40
San Diego,California,mean_tone_neg,0.00365072804099674,-18
San Diego,California,mean_tone_neg,-0.0610879611298002,1
San Diego,California,mean_emotion,-0.0513039765795419,-24
San Diego,California,mean_emotion,0.0528695516328217,30
San Diego,California,mean_emo_pos,-0.00820515557610666,-37
San Diego,California,mean_emo_pos,0.0872093855730066,20
San Diego,California,mean_emo_neg,-0.0497451008097046,-22
San Diego,California,mean_emo_neg,-0.0581859439667172,31
San Diego,California,mean_emo_anx,-0.112335867702112,-40
San Diego,California,mean_emo_anx,0.0355421905480777,29
San Diego,California,mean_emo_anger,0.117232144534908,-26
San Diego,California,mean_emo_anger,-0.0932361022763673,1
San Diego,California,mean_emo_sad,0.197556327797564,-22
San Diego,California,mean_emo_sad,0.07509948395115,19
San Diego,California,mean_Social,-0.0400714642392034,0
San Diego,California,mean_Social,-0.0332065932623336,3
San Diego,California,mean_socbehav,-0.110979746464931,0
San Diego,California,mean_socbehav,-0.0352779947612815,38
San Diego,California,mean_prosocial,-0.135092410912304,0
San Diego,California,mean_prosocial,-0.0690579276412289,35
San Diego,California,mean_polite,-0.126240253623568,-40
San Diego,California,mean_polite,-0.0446710292868265,36
San Diego,California,mean_conflict,-0.0597848349213903,-13
San Diego,California,mean_conflict,-0.0854400886000859,1
San Diego,California,mean_moral,0.0187475852028769,-15
San Diego,California,mean_moral,0.0976969745382107,29
San Diego,California,mean_comm,-0.154073681002825,0
San Diego,California,mean_comm,-0.105716455890826,35
San Diego,California,mean_socrefs,0.0315612718607283,0
San Diego,California,mean_socrefs,0.0465307638336939,5
San Diego,California,mean_family,0.218404708215074,0
San Diego,California,mean_family,0.27499989437055,13
San Diego,California,mean_friend,0.261230360222444,-39
San Diego,California,mean_friend,0.233198707666909,39
San Diego,California,mean_female,0.0964541823775887,-17
San Diego,California,mean_female,0.051108973628802,5
San Diego,California,mean_male,0.174626930077144,-26
San Diego,California,mean_male,-0.0727493141774459,1
San Diego,California,mean_health,0.0360724311624242,0
San Diego,California,mean_health,0.235552781345952,17
San Diego,California,mean_illness,0.0332905097455569,0
San Diego,California,mean_illness,0.227804971977866,19
San Diego,California,mean_wellness,-0.0264525728163685,0
San Diego,California,mean_wellness,0.116932653554576,37
San Diego,California,mean_mental,0.196402420144688,-10
San Diego,California,mean_mental,0.0593714677687544,1
San Diego,California,mean_death,-0.137928951027196,-13
San Diego,California,mean_death,-0.0992249901692221,26
San Diego,California,mean_need,0.00777259663842256,-35
San Diego,California,mean_need,-0.0289994218439749,32
San Diego,California,mean_want,-0.0681583180613713,-40
San Diego,California,mean_want,-0.00606482715648793,29
San Diego,California,mean_lack,0.0867317748336688,0
San Diego,California,mean_lack,0.20232609194475,20
San Diego,California,mean_fatigue,0.053216397686724,0
San Diego,California,mean_fatigue,0.278070065002961,34
San Diego,California,mean_reward,0.185876174698103,-25
San Diego,California,mean_reward,0.117537775065967,13
San Diego,California,mean_risk,-0.139322595419388,0
San Diego,California,mean_risk,0.065044997937118,32
San Francisco,California,mean_Analytic,0.104597215635374,-40
San Francisco,California,mean_Analytic,0.115184566953779,18
San Francisco,California,mean_Tone,0.171810307978264,0
San Francisco,California,mean_Tone,0.28246578444075,13
San Francisco,California,mean_pronoun,0.110229294664209,-27
San Francisco,California,mean_pronoun,0.0390038426204647,1
San Francisco,California,mean_ppron,0.242183279945278,0
San Francisco,California,mean_ppron,0.238632144754353,1
San Francisco,California,mean_i,0.229474686036083,0
San Francisco,California,mean_i,0.240059395103533,9
San Francisco,California,mean_we,-0.088603212282725,0
San Francisco,California,mean_we,-0.0794412735314813,40
San Francisco,California,mean_you,0.135622516909928,-40
San Francisco,California,mean_you,0.176275533973317,13
San Francisco,California,mean_shehe,0.141019298306124,-19
San Francisco,California,mean_shehe,0.00751262265340685,1
San Francisco,California,mean_they,0.0900704634284591,-10
San Francisco,California,mean_they,0.135754732060283,40
San Francisco,California,mean_ipron,-0.134336178597514,-40
San Francisco,California,mean_ipron,-0.0931988645829019,40
San Francisco,California,mean_affiliation,0.0381405671368316,-9
San Francisco,California,mean_affiliation,0.0438787605693554,18
San Francisco,California,mean_allnone,0.0606815586375072,-28
San Francisco,California,mean_allnone,0.200029187085155,33
San Francisco,California,mean_cogproc,-0.186888036043978,-18
San Francisco,California,mean_cogproc,-0.0382861648845885,40
San Francisco,California,mean_insight,-0.0294367386819093,-5
San Francisco,California,mean_insight,-0.0354915631873179,1
San Francisco,California,mean_cause,-0.0685497829872579,-40
San Francisco,California,mean_cause,-0.0202302704458844,40
San Francisco,California,mean_discrep,-0.188903474005517,-8
San Francisco,California,mean_discrep,-0.132086462289821,40
San Francisco,California,mean_tentat,-0.13495619049786,-17
San Francisco,California,mean_tentat,-0.0983595436926068,40
San Francisco,California,mean_certitude,-0.00499584521215068,-40
San Francisco,California,mean_certitude,0.110199260793543,40
San Francisco,California,mean_differ,-0.16415104747189,-17
San Francisco,California,mean_differ,0.083231373808791,40
San Francisco,California,mean_tone_pos,0.134673645665323,0
San Francisco,California,mean_tone_pos,0.200052445469867,10
San Francisco,California,mean_tone_neg,0.0412054579811998,-14
San Francisco,California,mean_tone_neg,-0.0208900066802889,1
San Francisco,California,mean_emotion,0.093006588289852,0
San Francisco,California,mean_emotion,0.118321836602529,8
San Francisco,California,mean_emo_pos,0.135629487870544,0
San Francisco,California,mean_emo_pos,0.161826875531207,9
San Francisco,California,mean_emo_neg,-0.0556001483285211,-14
San Francisco,California,mean_emo_neg,-0.064777765139631,5
San Francisco,California,mean_emo_anx,-0.0198848571799323,0
San Francisco,California,mean_emo_anx,0.0253815521014238,9
San Francisco,California,mean_emo_anger,0.0955368092337107,-40
San Francisco,California,mean_emo_anger,0.021103232547072,1
San Francisco,California,mean_emo_sad,0.0914493631907586,0
San Francisco,California,mean_emo_sad,0.118410360614617,10
San Francisco,California,mean_Social,0.259106503731495,-17
San Francisco,California,mean_Social,0.0984754344057158,1
San Francisco,California,mean_socbehav,0.217229484295431,-17
San Francisco,California,mean_socbehav,0.0672535099491565,1
San Francisco,California,mean_prosocial,0.0778250111476349,-11
San Francisco,California,mean_prosocial,0.0454855344145142,8
San Francisco,California,mean_polite,0.0406464697783287,-11
San Francisco,California,mean_polite,-0.00346004240631775,5
San Francisco,California,mean_conflict,0.0763113295448644,-40
San Francisco,California,mean_conflict,-0.0499625120898648,1
San Francisco,California,mean_moral,0.145295448901219,-40
San Francisco,California,mean_moral,0.0046563848528598,40
San Francisco,California,mean_comm,0.159138727970075,-22
San Francisco,California,mean_comm,0.0364917279262514,8
San Francisco,California,mean_socrefs,0.21802700013787,-17
San Francisco,California,mean_socrefs,0.0993416773205948,1
San Francisco,California,mean_family,0.133399795038532,-9
San Francisco,California,mean_family,0.0859467004423033,1
San Francisco,California,mean_friend,0.0787139694519796,-40
San Francisco,California,mean_friend,0.113346037702748,27
San Francisco,California,mean_female,0.108544172423973,-18
San Francisco,California,mean_female,0.0889711839667527,27
San Francisco,California,mean_male,0.18185854639792,-18
San Francisco,California,mean_male,0.0443754930976606,1
San Francisco,California,mean_health,0.0975168840027408,0
San Francisco,California,mean_health,0.190422473160259,19
San Francisco,California,mean_illness,0.102333914032164,0
San Francisco,California,mean_illness,0.186125043447773,19
San Francisco,California,mean_wellness,-0.0793482443641805,0
San Francisco,California,mean_wellness,0.0903082954985328,30
San Francisco,California,mean_mental,0.199890473571198,-20
San Francisco,California,mean_mental,0.136502407767069,1
San Francisco,California,mean_death,0.0243252295621244,-17
San Francisco,California,mean_death,-0.011122946274718,1
San Francisco,California,mean_need,-0.0970888005619529,0
San Francisco,California,mean_need,-0.0488540949651386,37
San Francisco,California,mean_want,0.00925359957084283,-5
San Francisco,California,mean_want,-0.00976860509002138,9
San Francisco,California,mean_lack,-0.0179953248335637,-18
San Francisco,California,mean_lack,-0.0902915492760385,1
San Francisco,California,mean_fatigue,0.11653032720979,-26
San Francisco,California,mean_fatigue,0.140001030012974,40
San Francisco,California,mean_reward,-0.0555647204317401,-40
San Francisco,California,mean_reward,-0.0562358378592977,40
San Francisco,California,mean_risk,-0.00313785067762608,0
San Francisco,California,mean_risk,0.14508188381611,40
Seattle,Washington,mean_Analytic,0.126326288555522,0
Seattle,Washington,mean_Analytic,0.209310993060193,32
Seattle,Washington,mean_Tone,0.118363233520615,-40
Seattle,Washington,mean_Tone,0.178568820872638,40
Seattle,Washington,mean_pronoun,-0.240973706135226,-14
Seattle,Washington,mean_pronoun,-0.258629765571653,40
Seattle,Washington,mean_ppron,-0.147492796671037,-2
Seattle,Washington,mean_ppron,-0.04361924822679,40
Seattle,Washington,mean_i,0.173909480030938,0
Seattle,Washington,mean_i,0.277208121421822,14
Seattle,Washington,mean_we,0.0434104255368859,-13
Seattle,Washington,mean_we,0.0109439975096313,1
Seattle,Washington,mean_you,-0.153059605210362,-34
Seattle,Washington,mean_you,-0.12131439144079,40
Seattle,Washington,mean_shehe,-0.191694339233532,-15
Seattle,Washington,mean_shehe,-0.0696974880545714,38
Seattle,Washington,mean_they,0.0690476930056728,-37
Seattle,Washington,mean_they,-0.0473035696347078,1
Seattle,Washington,mean_ipron,-0.187827850947141,-27
Seattle,Washington,mean_ipron,-0.29187287440344,1
Seattle,Washington,mean_affiliation,0.0140377592344601,-13
Seattle,Washington,mean_affiliation,-0.0488321560913168,1
Seattle,Washington,mean_allnone,0.115968843773746,-10
Seattle,Washington,mean_allnone,0.237294305897122,38
Seattle,Washington,mean_cogproc,0.0638359710601231,-20
Seattle,Washington,mean_cogproc,-0.100546104839667,40
Seattle,Washington,mean_insight,-0.080263208672783,-30
Seattle,Washington,mean_insight,-0.109338106965948,40
Seattle,Washington,mean_cause,-0.0236224758811967,-22
Seattle,Washington,mean_cause,-0.114919071819331,1
Seattle,Washington,mean_discrep,-0.0571227412211504,-22
Seattle,Washington,mean_discrep,-0.086151345235074,28
Seattle,Washington,mean_tentat,0.179036466485387,-40
Seattle,Washington,mean_tentat,0.093492717472293,36
Seattle,Washington,mean_certitude,-0.034837962216207,-15
Seattle,Washington,mean_certitude,-0.00550926988641768,40
Seattle,Washington,mean_differ,0.271888889978598,-18
Seattle,Washington,mean_differ,0.138891352571225,1
Seattle,Washington,mean_tone_pos,-0.120421835130277,-34
Seattle,Washington,mean_tone_pos,-0.0355493681122507,17
Seattle,Washington,mean_tone_neg,-0.126301671073655,-30
Seattle,Washington,mean_tone_neg,-0.175864291577482,1
Seattle,Washington,mean_emotion,-0.161693488177685,-40
Seattle,Washington,mean_emotion,-0.076261481068936,17
Seattle,Washington,mean_emo_pos,-0.0513612572226872,-40
Seattle,Washington,mean_emo_pos,0.0114755913827901,17
Seattle,Washington,mean_emo_neg,-0.190769300029978,-30
Seattle,Washington,mean_emo_neg,-0.14889286344603,23
Seattle,Washington,mean_emo_anx,-0.0767711138532461,-28
Seattle,Washington,mean_emo_anx,-0.0501932826747101,19
Seattle,Washington,mean_emo_anger,0.044128665865005,-17
Seattle,Washington,mean_emo_anger,-0.0829073815643011,1
Seattle,Washington,mean_emo_sad,0.00172596105938172,-2
Seattle,Washington,mean_emo_sad,0.087015673557001,26
Seattle,Washington,mean_Social,-0.188129424771985,-30
Seattle,Washington,mean_Social,-0.246587348291592,40
Seattle,Washington,mean_socbehav,-0.226532575771819,-30
Seattle,Washington,mean_socbehav,-0.237565861416705,40
Seattle,Washington,mean_prosocial,-0.147784266612668,0
Seattle,Washington,mean_prosocial,-0.0550703839836266,18
Seattle,Washington,mean_polite,-0.165153936315996,-34
Seattle,Washington,mean_polite,-0.0588998880105218,39
Seattle,Washington,mean_conflict,-0.145676381551211,-31
Seattle,Washington,mean_conflict,-0.191843104008533,1
Seattle,Washington,mean_moral,-0.095951453347107,-18
Seattle,Washington,mean_moral,-0.185853608523739,1
Seattle,Washington,mean_comm,-0.257988391111853,-32
Seattle,Washington,mean_comm,-0.199096968232114,40
Seattle,Washington,mean_socrefs,-0.151494807108554,-17
Seattle,Washington,mean_socrefs,-0.227014065412429,1
Seattle,Washington,mean_family,0.185543548273835,0
Seattle,Washington,mean_family,0.217980376154996,8
Seattle,Washington,mean_friend,-0.0626373961668588,-32
Seattle,Washington,mean_friend,-0.0321361303988248,40
Seattle,Washington,mean_female,-0.0915715404546013,0
Seattle,Washington,mean_female,0.0792928509812898,40
Seattle,Washington,mean_male,-0.136564298552451,-5
Seattle,Washington,mean_male,-0.145086438003265,1
Seattle,Washington,mean_health,0.0767664315322327,0
Seattle,Washington,mean_health,0.0776061821034139,4
Seattle,Washington,mean_illness,0.0587117710760088,0
Seattle,Washington,mean_illness,0.0893208261195462,13
Seattle,Washington,mean_wellness,0.117393992150422,0
Seattle,Washington,mean_wellness,0.176701799621639,20
Seattle,Washington,mean_mental,0.341833246936788,-37
Seattle,Washington,mean_mental,0.0999796934748142,40
Seattle,Washington,mean_death,-0.101929472187025,0
Seattle,Washington,mean_death,-0.100683785008358,1
Seattle,Washington,mean_need,0.0946501531103601,-31
Seattle,Washington,mean_need,0.0586456051508751,20
Seattle,Washington,mean_want,0.0627305538521315,-34
Seattle,Washington,mean_want,-0.0847794469652073,34
Seattle,Washington,mean_lack,0.219447970925758,-23
Seattle,Washington,mean_lack,0.0454223295265875,40
Seattle,Washington,mean_fatigue,0.149750436709944,-15
Seattle,Washington,mean_fatigue,0.210090917373323,39
Seattle,Washington,mean_reward,0.174575098831871,-19
Seattle,Washington,mean_reward,0.041301959852539,1
Seattle,Washington,mean_risk,0.169561953196649,-36
Seattle,Washington,mean_risk,0.0540513953444027,16
St. Louis,Missouri,mean_Analytic,0.36673035231978,-40
St. Louis,Missouri,mean_Analytic,0.130584158239453,40
St. Louis,Missouri,mean_Tone,0.173989313578899,-35
St. Louis,Missouri,mean_Tone,-0.000210469825072285,13
St. Louis,Missouri,mean_pronoun,-0.13168302800459,0
St. Louis,Missouri,mean_pronoun,-0.0666082065568287,13
St. Louis,Missouri,mean_ppron,-0.0717459957830877,0
St. Louis,Missouri,mean_ppron,0.0110157896041775,13
St. Louis,Missouri,mean_i,0.181584749296949,-23
St. Louis,Missouri,mean_i,0.0464024207763734,1
St. Louis,Missouri,mean_we,0.0176441623392364,0
St. Louis,Missouri,mean_we,0.019098671024203,1
St. Louis,Missouri,mean_you,-0.164268129297173,0
St. Louis,Missouri,mean_you,0.0655179575418128,20
St. Louis,Missouri,mean_shehe,0.0113198794804207,-40
St. Louis,Missouri,mean_shehe,0.0307369154893683,6
St. Louis,Missouri,mean_they,0.0211043992316593,-1
St. Louis,Missouri,mean_they,0.129067952453176,40
St. Louis,Missouri,mean_ipron,-0.153146535544879,0
St. Louis,Missouri,mean_ipron,-0.0201689946458686,40
St. Louis,Missouri,mean_affiliation,0.0284060921188215,0
St. Louis,Missouri,mean_affiliation,0.0527768745359947,11
St. Louis,Missouri,mean_allnone,0.217503114644465,-5
St. Louis,Missouri,mean_allnone,0.165282662831052,40
St. Louis,Missouri,mean_cogproc,-0.229687423243001,0
St. Louis,Missouri,mean_cogproc,-0.0783830560088675,29
St. Louis,Missouri,mean_insight,-0.190397833520738,0
St. Louis,Missouri,mean_insight,-0.0374938424325532,14
St. Louis,Missouri,mean_cause,-0.059350259861582,0
St. Louis,Missouri,mean_cause,-0.0107021649361725,14
St. Louis,Missouri,mean_discrep,-0.246852826786903,0
St. Louis,Missouri,mean_discrep,-0.0486055614390946,17
St. Louis,Missouri,mean_tentat,-0.355911017913944,0
St. Louis,Missouri,mean_tentat,-0.0556220345581624,33
St. Louis,Missouri,mean_certitude,-0.0958905999434767,0
St. Louis,Missouri,mean_certitude,0.10507577094665,40
St. Louis,Missouri,mean_differ,-0.10293758576623,0
St. Louis,Missouri,mean_differ,-0.00543042762040983,27
St. Louis,Missouri,mean_tone_pos,0.0735089700929302,-36
St. Louis,Missouri,mean_tone_pos,0.000919910254188398,12
St. Louis,Missouri,mean_tone_neg,0.0515254312155552,0
St. Louis,Missouri,mean_tone_neg,0.106720118411214,8
St. Louis,Missouri,mean_emotion,0.0560487305572357,-33
St. Louis,Missouri,mean_emotion,0.0762657922484477,28
St. Louis,Missouri,mean_emo_pos,0.187341904629449,-33
St. Louis,Missouri,mean_emo_pos,0.0432119585720249,11
St. Louis,Missouri,mean_emo_neg,0.039549739322459,0
St. Louis,Missouri,mean_emo_neg,0.0781285963256076,26
St. Louis,Missouri,mean_emo_anx,-0.00779333160514352,-6
St. Louis,Missouri,mean_emo_anx,-0.020863071990956,33
St. Louis,Missouri,mean_emo_anger,0.00742432807014845,0
St. Louis,Missouri,mean_emo_anger,0.0225562139431626,5
St. Louis,Missouri,mean_emo_sad,0.0696425429138679,-5
St. Louis,Missouri,mean_emo_sad,0.111103520582619,28
St. Louis,Missouri,mean_Social,-0.146269535407492,0
St. Louis,Missouri,mean_Social,-0.00554357864860434,14
St. Louis,Missouri,mean_socbehav,-0.0879825796355999,-40
St. Louis,Missouri,mean_socbehav,-0.0403413331260234,39
St. Louis,Missouri,mean_prosocial,0.0406668042738877,-40
St. Louis,Missouri,mean_prosocial,-0.022301349557024,14
St. Louis,Missouri,mean_polite,-0.0068319623992134,-40
St. Louis,Missouri,mean_polite,0.0255113202735343,16
St. Louis,Missouri,mean_conflict,-0.118645471791703,0
St. Louis,Missouri,mean_conflict,-0.0913571037454926,40
St. Louis,Missouri,mean_moral,-0.0528041883407869,0
St. Louis,Missouri,mean_moral,0.0478094494622674,13
St. Louis,Missouri,mean_comm,-0.125154409930558,-40
St. Louis,Missouri,mean_comm,-0.0197208307932688,37
St. Louis,Missouri,mean_socrefs,-0.0864693458861102,0
St. Louis,Missouri,mean_socrefs,0.0293986997492011,14
St. Louis,Missouri,mean_family,0.169238516263593,-40
St. Louis,Missouri,mean_family,0.164171657257561,14
St. Louis,Missouri,mean_friend,0.103804049054031,-37
St. Louis,Missouri,mean_friend,0.0616595446611078,37
St. Louis,Missouri,mean_female,0.0695086954987545,0
St. Louis,Missouri,mean_female,0.149889923574955,9
St. Louis,Missouri,mean_male,0.120761933785944,-40
St. Louis,Missouri,mean_male,0.0263503724667797,6
St. Louis,Missouri,mean_health,0.0733030990980213,0
St. Louis,Missouri,mean_health,0.142079603398788,8
St. Louis,Missouri,mean_illness,0.0834350219186893,0
St. Louis,Missouri,mean_illness,0.140217016444189,7
St. Louis,Missouri,mean_wellness,-0.0433854902481664,-38
St. Louis,Missouri,mean_wellness,-0.0817532614246243,2
St. Louis,Missouri,mean_mental,0.0594041328908665,0
St. Louis,Missouri,mean_mental,0.124778497975497,9
St. Louis,Missouri,mean_death,-0.0607205965101025,0
St. Louis,Missouri,mean_death,0.00434690815959642,32
St. Louis,Missouri,mean_need,-0.123160620003052,0
St. Louis,Missouri,mean_need,-0.0179383716808279,14
St. Louis,Missouri,mean_want,-0.166023349182191,-40
St. Louis,Missouri,mean_want,-0.0510195889145234,17
St. Louis,Missouri,mean_lack,-0.141772009099304,0
St. Louis,Missouri,mean_lack,-0.0793029315752499,21
St. Louis,Missouri,mean_fatigue,0.184549116275819,0
St. Louis,Missouri,mean_fatigue,0.198453543677737,3
St. Louis,Missouri,mean_reward,0.0146422990743747,-37
St. Louis,Missouri,mean_reward,0.0160368829363216,40
St. Louis,Missouri,mean_risk,-0.148093963872907,0
St. Louis,Missouri,mean_risk,0.122264044829598,31
Washington,Maryland,mean_Analytic,0.219133050867528,-38
Washington,Maryland,mean_Analytic,0.202415365679239,40
Washington,Maryland,mean_Tone,0.0478035797786873,-4
Washington,Maryland,mean_Tone,0.173848492957108,40
Washington,Maryland,mean_pronoun,-0.0166413577110038,-17
Washington,Maryland,mean_pronoun,-0.119178125622697,27
Washington,Maryland,mean_ppron,0.0455141693679631,-16
Washington,Maryland,mean_ppron,-0.0170778049646686,35
Washington,Maryland,mean_i,0.090766388244745,-8
Washington,Maryland,mean_i,0.0582125382320178,1
Washington,Maryland,mean_we,0.0153249006934405,0
Washington,Maryland,mean_we,0.0328764058509515,7
Washington,Maryland,mean_you,-0.0805772543339973,-10
Washington,Maryland,mean_you,0.174339084188204,40
Washington,Maryland,mean_shehe,0.0425669606439892,-40
Washington,Maryland,mean_shehe,-0.114339158563185,35
Washington,Maryland,mean_they,0.174608754906442,-40
Washington,Maryland,mean_they,0.0818647625592177,26
Washington,Maryland,mean_ipron,-0.0619716373041,-40
Washington,Maryland,mean_ipron,-0.107176998746145,17
Washington,Maryland,mean_affiliation,0.119526221372228,-1
Washington,Maryland,mean_affiliation,0.143661588129908,19
Washington,Maryland,mean_allnone,0.145340720586227,0
Washington,Maryland,mean_allnone,0.181520330958943,7
Washington,Maryland,mean_cogproc,-0.10849212775791,-40
Washington,Maryland,mean_cogproc,-0.193358412487045,24
Washington,Maryland,mean_insight,-0.125238619705112,-40
Washington,Maryland,mean_insight,-0.227695749432804,17
Washington,Maryland,mean_cause,0.0150574716883391,-40
Washington,Maryland,mean_cause,-0.0904208911796457,22
Washington,Maryland,mean_discrep,0.0152758430815002,-40
Washington,Maryland,mean_discrep,-0.147761565175737,31
Washington,Maryland,mean_tentat,-0.288041412440427,0
Washington,Maryland,mean_tentat,0.00587362430747772,34
Washington,Maryland,mean_certitude,-0.0158081204514133,-16
Washington,Maryland,mean_certitude,-0.0777585195842443,1
Washington,Maryland,mean_differ,-0.014462208065096,-32
Washington,Maryland,mean_differ,0.0154565919495819,17
Washington,Maryland,mean_tone_pos,-0.00538548911762975,-5
Washington,Maryland,mean_tone_pos,0.0825988459329494,40
Washington,Maryland,mean_tone_neg,0.0740671524997424,-20
Washington,Maryland,mean_tone_neg,-0.0296283438896733,26
Washington,Maryland,mean_emotion,0.0561990341388149,-2
Washington,Maryland,mean_emotion,0.058933105424559,11
Washington,Maryland,mean_emo_pos,0.120048588799679,0
Washington,Maryland,mean_emo_pos,0.146615337590036,12
Washington,Maryland,mean_emo_neg,-0.0428474872899627,-3
Washington,Maryland,mean_emo_neg,-0.0520809124399189,1
Washington,Maryland,mean_emo_anx,-0.0929597303980312,-40
Washington,Maryland,mean_emo_anx,0.0301652375553557,23
Washington,Maryland,mean_emo_anger,0.205971909325812,-40
Washington,Maryland,mean_emo_anger,-0.0578524208030665,27
Washington,Maryland,mean_emo_sad,0.125558553611245,-3
Washington,Maryland,mean_emo_sad,0.111903929351956,1
Washington,Maryland,mean_Social,0.0413511632552314,-17
Washington,Maryland,mean_Social,0.0157741760013722,35
Washington,Maryland,mean_socbehav,0.023655708586152,-14
Washington,Maryland,mean_socbehav,-0.0184499584210828,39
Washington,Maryland,mean_prosocial,-0.125813520897266,-9
Washington,Maryland,mean_prosocial,0.0777905065601241,39
Washington,Maryland,mean_polite,-0.120158499541793,-9
Washington,Maryland,mean_polite,0.0456625013409583,38
Washington,Maryland,mean_conflict,0.105904966371003,-40
Washington,Maryland,mean_conflict,-0.0745528363718961,36
Washington,Maryland,mean_moral,0.153890973122269,-16
Washington,Maryland,mean_moral,-0.0229975348267798,1
Washington,Maryland,mean_comm,-0.104049095039475,-13
Washington,Maryland,mean_comm,-0.0142083247960523,36
Washington,Maryland,mean_socrefs,0.0524124114869854,-18
Washington,Maryland,mean_socrefs,0.0319489853542239,30
Washington,Maryland,mean_family,0.0234920758879862,0
Washington,Maryland,mean_family,0.182610039830073,24
Washington,Maryland,mean_friend,0.0442154991411441,-12
Washington,Maryland,mean_friend,0.0920561538418157,40
Washington,Maryland,mean_female,-0.0481100792931139,-27
Washington,Maryland,mean_female,0.0255926684566771,29
Washington,Maryland,mean_male,0.0993983400634593,-40
Washington,Maryland,mean_male,-0.0358775035909678,35
Washington,Maryland,mean_health,0.234020662385563,0
Washington,Maryland,mean_health,0.407345181812329,16
Washington,Maryland,mean_illness,0.258699076498265,0
Washington,Maryland,mean_illness,0.436364184171527,16
Washington,Maryland,mean_wellness,-0.0547486069715136,-22
Washington,Maryland,mean_wellness,0.165690885119838,40
Washington,Maryland,mean_mental,0.134385563829262,-22
Washington,Maryland,mean_mental,0.232101309327536,36
Washington,Maryland,mean_death,0.0323819846684294,-38
Washington,Maryland,mean_death,-0.0159277922319644,40
Washington,Maryland,mean_need,-0.0446652909945999,0
Washington,Maryland,mean_need,-0.0143622071169526,17
Washington,Maryland,mean_want,-0.010785837773955,-40
Washington,Maryland,mean_want,-0.0656370198652538,1
Washington,Maryland,mean_lack,0.11038437260155,0
Washington,Maryland,mean_lack,0.224452526060378,27
Washington,Maryland,mean_fatigue,0.177100731182646,-21
Washington,Maryland,mean_fatigue,0.120167831178313,27
Washington,Maryland,mean_reward,0.0773824477368397,-14
Washington,Maryland,mean_reward,-0.00280774510041012,1
Washington,Maryland,mean_risk,-0.0678905357345111,-40
Washington,Maryland,mean_risk,0.12859121772334,28
